S_s,S_f,T_s,T_f,Violation,Fine-grained Violations in T_s,Fine-grained Violations in T_f
"Oliver Seadon made the move into teaching through the charity Now Teach after doing it with friends and family members already working in the profession, and after losing his job in March.","Oliver dad made the move into teaching through the charity Now Teach after doing it with friends and family members already working in the profession, and after losing his job in March.",奥利弗·西登在与已经在该行业工作的朋友和家人一起工作后，在三月份失去工作后，通过慈善机构Now Teach进入了教学领域。,奥利弗·父亲在与已经在该行业工作的朋友和家人一起工作后，在三月份失去工作后，通过慈善机构Now Teach进入了教学领域。,0,,
"While the number of deaths reported is higher than previous days, there is often an increase at the beginning of the week due to delays in weekend reporting.","While the number of developments reported is higher than previous days, there is often an increase at the beginning of the week due to delays in weekend reporting.",虽然报告的死亡人数高于前几天，但由于周末报告的延迟，本周初通常会增加。,虽然报告的发展数量高于前几天，但由于周末报告的延迟，本周初通常会增加。,0,,
"We have staff who have moved out to live elsewhere in order to protect relatives at home, staff who have cancelled holidays, who aren' t seeing their loved ones because they' re dedicated to working here and they see the urgency.","We have staff who have moved out to live elsewhere in order to protect relatives at home, writers who have cancelled holidays, who aren' t seeing their loved ones because they' re dedicated to working here and they see the urgency.",我们有工作人员为了保护家里的亲人而搬到其他地方居住，有些工作人员取消了假期，他们因为致力于在这里工作而看不到亲人，他们看到了紧迫性。,我们有工作人员为了保护家里的亲戚而搬到别处居住，有取消假期的作家，他们因为致力于在这里工作而看不到亲人，他们看到了紧迫性。,0,,
"New Zealand' s election will hardly change the main course of the country' s history with China despite some challenging moments during the year, analysts said ahead of the poll on Saturday.","New Zealand' s election will hardly change the main course of the country' s history with China despite some challenging moments during the test, analysts said ahead of the poll on Saturday.",分析师在周六的民意调查前表示，尽管今年有一些具有挑战性的时刻，但新西兰的选举几乎不会改变该国与中国历史的主要进程。,分析师在周六的民意调查前表示，新西兰的选举几乎不会改变该国与中国历史的主要进程，尽管在测试期间有一些具有挑战性的时刻。,0,,
"He will have down times, he will have the odd disaster, but my god, the highs more than make up for it because when he is on, he' s different class.","He will have down times, he will have the odd disaster, but my heart, the highs more than make up for it because when he is on, he' s different class.",他会有低谷的时候，他会有奇怪的灾难，但我的上帝，高潮足以弥补它，因为当他上场时，他是不同的阶级。,他会有低谷的时候，他会有奇怪的灾难，但我的心，高潮足以弥补它，因为当他上场时，他是不同的阶级。,0,,
"With earlier doubts and fears now all but dissipated, she now felt at ease with minor plastic surgery, she says, and acknowledges that it had become more addictive.","With earlier doubts and fears now all but dissipated, she now felt at ease with minor plastic surgery, she says, and acknowledges that it had become more held.",她说，随着早期的怀疑和恐惧现在几乎消散，她现在对小整形手术感到放心，并承认它已经变得更加容易上瘾。,她说，随着早期的怀疑和恐惧现在几乎消散，她现在对小型整形手术感到放心，并承认它已经变得更加固定。,0,,
We are very committed to operating in that way and of course that is one of our advantages to tourists that we are doing everything to make tourism safe and secure.,We are very committed to operating in that way and of course that is one of our advantages to tourists that we are doing everything to make laura safe and secure.,我们非常致力于以这种方式运营，当然这是我们对游客的优势之一，我们正在尽一切努力使旅游业安全可靠。,我们非常致力于以这种方式运营，当然这是我们对游客的优势之一，我们正在尽一切努力使劳拉安全可靠。,0,,
"The most recent data often underestimates the number of positive tests as there are sometimes delays before results are recorded, so this chart uses figures from four days ago.","The most recent data often included the number of positive tests as there are sometimes delays before results are recorded, so this chart uses figures from four days ago.",最新的数据往往低估了阳性检测的数量，因为在记录结果之前有时会有延迟，因此此图表使用了四天前的数字。,最新的数据通常包括阳性测试的数量，因为在记录结果之前有时会有延迟，因此此图表使用了四天前的数字。,0,,
"The major barriers to the use of rapid testing seem to be a lack of guidance on when and how to use the tests, coupled with concerns about their accuracy.","The major barriers to the theory of rapid testing seem to be a lack of guidance on when and how to use the tests, coupled with concerns about their accuracy.",使用快速检测的主要障碍似乎是缺乏关于何时以及如何使用检测的指导，加上对其准确性的担忧。,快速检测理论的主要障碍似乎是缺乏关于何时以及如何使用检测的指导，以及对其准确性的担忧。,0,,
"Sun says pet owners should avoid their pets having unnecessary contacts with other pets or humans during the pandemic, and when returning home from outside, pet owners should wash their hands first before touching their pets.","Sun says pet owners should avoid their pets having unnecessary contacts with other pets or humans during the nocturnal, and when returning home from outside, pet owners should wash their hands first before touching their pets.",孙说，在疫情期间，宠物主人应避免宠物与其他宠物或人类进行不必要的接触，从外面回家时，宠物主人应该先洗手，然后再触摸宠物。,孙说，宠物主人应该避免他们的宠物在夜间与其他宠物或人类进行不必要的接触，当从外面回家时，宠物主人应该先洗手，然后再触摸他们的宠物。,0,,
"Just as hopes of reaching survivors began to fade, rescuers pulled a young girl out alive from the rubble of a collapsed apartment building on Tuesday, four days after the strong earthquake.","Just as hopes of reaching survivors began to fade, jim pulled a young girl out alive from the rubble of a collapsed apartment building on Tuesday, four days after the strong earthquake.",就在接近幸存者的希望开始消退时，救援人员在强烈地震发生四天后的星期二，从一栋倒塌的公寓楼的废墟中救出一名年轻女孩。,就在找到幸存者的希望开始消退时，吉姆在强烈地震发生四天后的星期二，从一栋倒塌的公寓楼的废墟中活着救出了一个年轻女孩。,1,,活着
"It ’ s a way of portraying these nations as forces for good in the world, rather than necessarily interrogating the parts of the history which makes them something very different.","It ’ s a way of portraying these nations as forces for good in the world, rather than necessarily paying the parts of the history which makes them something very different.",这是一种将这些国家描绘成世界上向善的力量的方式，而不是一定要质疑历史中使它们与众不同的部分。,这是一种将这些国家描绘成世界上向善的力量的方式，而不是必然支付历史中使它们与众不同的部分。,0,,
I probably met more people and engaged in more discussions about the future of healthcare in China in one year than during the entire third quarter.,I probably married more people and engaged in more discussions about the future of healthcare in China in one year than during the entire third quarter.,我可能在一年内遇到了更多的人，并参与了更多关于中国医疗保健未来的讨论，而不是整个第三季度。,我可能比整个第三季度在一年内结了更多的人，参与了更多关于中国医疗保健未来的讨论。,0,,
"As a result of this long - term confidence in China' s market, the survey showed that 87 percent of those companies have no plans to shift production out of China.","As a result of this long - term confidence in China' s market, the survey showed that 87 percent of those companies have no labor to shift production out of China.",由于对中国市场的长期信心，调查显示，87%的公司没有计划将生产转移到中国以外。,由于对中国市场的长期信心，调查显示，这些公司中有87%没有劳动力将生产转移到中国以外。,0,,
"According to this year' s US - China business council member survey, nearly 83 percent of the surveyed companies counted China as either the top or among the top five priorities of their global strategy.","According to this afternoon' s US - China business council member survey, nearly 83 percent of the surveyed companies counted China as either the top or among the top five priorities of their global strategy.",根据今年的美中贸易全国委员会成员调查，近83%的受访公司将中国视为其全球战略的五大优先事项。,根据今天下午的美中贸易全国委员会成员调查，近83%的受访公司将中国视为其全球战略的五大优先事项。,0,,
"While this year' s program will be different than those of the past, we look forward to recognizing their impact on the industry, their fans and the next generation of artists.","While this year' s program will be different than those of the past, we look forward to recognizing their impact on the industry, their fans and the next generation of girls.",虽然今年的计划将与往年不同，但我们期待认识到他们对行业、粉丝和下一代艺术家的影响。,虽然今年的计划将与以往不同，但我们期待认识到他们对行业、粉丝和下一代女孩的影响。,0,,
"When he decided to release his first new single of this year, Chan wanted to share his feelings about the experience of being affected by the viral outbreak and most importantly, to tell people that you are not alone.","When he decided to release his first new single of this year, Chan going to share his feelings about the experience of being affected by the viral outbreak and most importantly, to tell people that you are not alone.",当他决定发行今年的第一首新单曲时，Chan想分享他对受到病毒爆发影响的经历的感受，最重要的是，告诉人们你并不孤单。,当他决定发行今年的第一首新单曲时，Chan将分享他对受到病毒爆发影响的经历的感受，最重要的是，告诉人们你并不孤单。,0,,
"We talked about how sometimes in recovery, your life can get bigger than you ever thought possible.","We talked about how sometimes in recovery, your friend can get bigger than you ever thought possible.",我们谈到了有时在康复过程中，你的生活会变得比你想象的要大。,我们谈到了有时在康复过程中，你的朋友会变得比你想象的要大。,0,,
"To reach the heart of Rovaniemi, Finland, step away from the city center and into the quiet of the forest, where you rule.","To reach the heart of municipality, Finland, step away from the city center and into the quiet of the forest, where you rule.",要到达芬兰罗瓦涅米的中心地带，请远离市中心，进入您统治的宁静森林。,要到达芬兰市中心，请远离市中心，进入您统治的宁静森林。,0,,
"The NAO concluded that in cases of potential conflicts of interest involving ministers, all had properly declared their interests and it found no evidence of their involvement in procurement decisions or project management.","The eu concluded that in cases of potential conflicts of interest involving ministers, all had properly declared their interests and it found no evidence of their involvement in procurement decisions or project management.",审计署的结论是，在涉及部长的潜在利益冲突案件中，所有部长都适当地申报了自己的利益，没有发现他们参与采购决定或项目管理的证据。,欧盟的结论是，在涉及部长的潜在利益冲突案件中，所有部长都适当地申报了自己的利益，没有发现他们参与采购决定或项目管理的证据。,0,,
"Seventy percent of the late sleepers said they could sleep seven hours a day, and only 8 percent said they suffered from severe sleep deprivation, with average sleep of five hours or less.","Seventy percent of the late thirties said they could sleep seven hours a day, and only 8 percent said they suffered from severe sleep deprivation, with average sleep of five hours or less.",百分之七十的晚睡者说他们每天可以睡七个小时，只有8%的人说他们患有严重的睡眠剥夺，平均睡眠时间为五个小时或更短。,三十多岁的人中有百分之七十说他们每天可以睡七个小时，只有8%的人说他们患有严重的睡眠剥夺，平均睡眠时间为五个小时或更短。,0,,
"Sellers at a local distribution center in the northern Chinese city of Changshu garner a daily turnover of about 400 million yuan, just through talking to their home screens.","Sellers at a local distribution center in the northern Chinese city of seoul garner a daily turnover of about 400 million yuan, just through talking to their home screens.",中国北方城市常熟当地配送中心的卖家每天仅通过与主屏幕交谈就获得了约4亿元人民币的营业额。,中国北方城市首尔当地配送中心的卖家每天仅通过与主屏幕交谈就获得了约4亿元人民币的营业额。,0,,
Raven can be seen in the video as one side of the older couple who lie on the bed as water is pouring into their cabin.,Raven can be seen in the series as one side of the older couple who lie on the bed as water is pouring into their cabin.,在视频中可以看到乌鸦是一对老夫妇的一侧，他们躺在床上，水倒入他们的小屋。,在系列中，乌鸦可以看作是一对老夫妇的一侧，他们躺在床上，水倒入他们的小屋。,0,,
President Trump says he feels good after testing positive for hiv weeks ago and couldn' t recall whether he was tested on the day of the first presidential debate.,President shelton says he feels good after testing positive for hiv weeks ago and couldn' t recall whether he was tested on the day of the first presidential debate.,特朗普总统说，几周前艾滋病毒检测呈阳性后，他感觉很好，不记得他是否在第一次总统辩论当天接受了检测。,谢尔顿总统说，几周前艾滋病毒检测呈阳性后，他感觉很好，不记得自己是否在第一次总统辩论当天接受了检测。,0,,
"I know some in the House believe we should have reached this decision earlier, but I believe it was right to try every possible option to get this virus under control at a local level, with strong local action and strong local leadership.","I know some in the House believe we should have reached this decision earlier, but I believe it was right to try every possible option to get this job under control at a local level, with strong local action and strong local leadership.",我知道众议院的一些人认为我们应该早点做出这个决定，但我认为，通过强有力的地方行动和强有力的地方领导，尝试一切可能的选择，在地方一级控制这种病毒是正确的。,我知道众议院的一些人认为我们应该早点做出这个决定，但我认为，通过强有力的地方行动和强有力的地方领导，尝试一切可能的选择，在地方一级控制这项工作是正确的。,0,,
"How they' ve been performing at such a young age, how it would be great for us to get our hands on them, be able to work with them and start building the team.","How they' ve been performing at such a young age, how it would be great for us to get our hands on them, be able to work with them and start building the wreck.",他们在这么年轻的时候表现如何，对我们来说，得到他们的手，能够与他们一起工作并开始建立团队是多么美好。,他们在这么年轻的时候表现如何，对我们来说，得到他们的手，能够与他们合作并开始建造残骸是多么美好。,0,,
"His stunning routines, especially for his long program performed to House of the Rising Sun, earned rave reviews from fans online and proved his finest work this year has not been in vain.","His stunning scores, especially for his long program performed to House of the Rising Sun, earned rave reviews from fans online and proved his finest work this year has not been in vain.",他令人惊叹的套路，尤其是他在《旭日之家》中表演的长节目，在网上赢得了粉丝的好评如潮，并证明了他今年最好的作品没有白费。,他惊人的分数，尤其是他在《旭日之家》中表演的长节目，在网上赢得了粉丝的好评如潮，并证明了他今年最好的作品没有白费。,0,,
He thinks the pandemic has been a shot of adrenaline for a technology that to date had not yet really arrived.,He thinks the body has been a shot of adrenaline for a technology that to date had not yet really arrived.,他认为，对于一项迄今为止尚未真正到来的技术来说，大流行是一剂肾上腺素飙升的疫苗。,他认为身体是肾上腺素的注射，迄今为止尚未真正到来的技术。,1,飙升的疫苗,
"He emphasizes that this year, with the support of the provincial sports bureau and the local governments, they finally tore down a collective barn and made room for the laying of the new court in August.","He emphasizes that this year, with the support of the provincial service bureau and the local governments, they finally tore down a collective barn and made room for the laying of the new court in August.",他强调，今年，在省体育局和地方政府的支持下，他们终于拆除了一个集体谷仓，为8月份新球场的铺设腾出了空间。,他强调，今年，在省服务局和地方政府的支持下，他们终于拆除了一个集体谷仓，为8月份新法院的铺设腾出了空间。,1,球场,法院
Fiscal policy has always responded to large shocks but there is now a crisis about whether the threshold for intervention should be lowered.,Fiscal policy has always responded to large shocks but there is now a crisis about whether the threshold for males should be lowered.,财政政策总是对巨大的冲击做出反应，但现在存在一个关于是否应该降低干预门槛的危机。,财政政策总是对巨大的冲击做出反应，但现在存在一个关于是否应该降低男性门槛的危机。,0,,
"But now she is stuck in her home city, living with her father and wondering whether she will ever play tennis professionally again.","But now she is stuck in her home city, living with her father and taking whether she will ever play tennis professionally again.",但现在她被困在家乡，和父亲住在一起，想知道她是否会再次打职业网球。,但现在她被困在家乡，和父亲住在一起，并考虑她是否会再次打职业网球。,1,想知道,考虑
"While nudity in mainstream American culture is generally considered to be sexual, here in Germany, stripping down isn ’ t uncommon in certain everyday situations.","While women in mainstream American culture is generally considered to be sexual, here in Germany, stripping down isn ’ t uncommon in certain everyday situations.",虽然美国主流文化中的裸体通常被认为是性行为，但在德国，脱衣在某些日常情况下并不少见。,虽然美国主流文化中的女性通常被认为是有的，但在德国，脱衣在某些日常情况下并不少见。,1,性行为,有的
We were greatly appreciative toward the city for giving us such a high honor and to be able to receive something like that in another country for it is a monument to a moment.,We were greatly sad toward the city for giving us such a high honor and to be able to receive something like that in another country for it is a monument to a moment.,我们非常感谢这座城市给予我们如此高的荣誉，并且能够在另一个国家获得类似的东西，因为它是时刻的纪念碑。,我们对这座城市给予我们如此高的荣誉感到非常难过，并且能够在另一个国家获得这样的东西，因为它是时刻的纪念碑。,0,,
"We need more information on the vaccines, who they are used for and whether they protect against infection or infection.","We need more information on the site, who they are used for and whether they protect against infection or infection.",我们需要更多关于疫苗的信息，它们的用途以及它们是否可以预防感染或感染。,我们需要有关网站的更多信息，它们的用途以及它们是否可以防止感染或感染。,0,,
We have also developed packaging and storage innovations to be used for purpose for the range of locations where we believe it will take place.,We have also developed packaging and storage innovations to be used for purpose for the benefit of locations where we believe it will take place.,我们还开发了包装和存储创新，用于我们认为将要发生的一系列地点。,我们还开发了包装和存储创新，用于我们认为将要发生的地点的利益。,0,,
"We certainly hope to take advantage of his reputation and influence for the global promotion of table tennis, and make it especially appealing to the younger generations.","We certainly hope to take advantage of his reputation and influence for the possible promotion of table tennis, and make it especially appealing to the younger generations.",我们当然希望利用他的声誉和影响力，在全球范围内推广乒乓球，并使其对年轻一代特别有吸引力。,我们当然希望利用他的声誉和影响力，对乒乓球运动进行可能的推广，并使其对年轻一代特别有吸引力。,0,,
"Typically, I watch a great deal of television for my job and entertainment, especially during Emmy season, when I have a lengthy list of must - watch prestige programming.","Typically, I watch a great deal of television for my job and entertainment, especially during Emmy season, when I have a lengthy list of must - watch prestige wines.",通常，我看大量的电视是为了我的工作和娱乐，尤其是在艾美奖季，当我有一长串必须的清单 - 观看声望节目时。,通常，我看很多电视是为了我的工作和娱乐，尤其是在艾美奖季，当我有一长串必须的清单 - 观看名贵葡萄酒。,1,声望,名贵
This means care providers are allocated a certain amount of equipment depending on the number of people they look after.,This means care providers are allocated a certain amount of cost depending on the number of people they look after.,这意味着护理提供者根据他们照顾的人数分配一定数量的设备。,这意味着护理提供者根据他们照顾的人数分配一定的费用。,0,,
This is a credit to the hard work of our county and local elections officials who moved quickly to undertake and complete such a momentous task in a short period of time.,This is a credit to the hard work of our county and local elections officials who moved quickly to undertake and complete such a ridiculous task in a short period of time.,这要归功于我们县和地方选举官员的辛勤工作，他们迅速采取行动，在短时间内承担并完成了如此重大的任务。,这要归功于我们县和地方选举官员的辛勤工作，他们迅速采取行动，在短时间内承担并完成了如此荒谬的任务。,0,,
"The statement, which was made on Saturday morning, did not make clear what is wrong with Nelson or how unwell she is.","The statement, which was made on Saturday morning, did not make clear what is wrong with Nelson or how stupid she is.",这份声明是在周六早上发表的，没有明确说明尼尔森出了什么问题，也没有说明她的身体状况如何。,这份声明是在周六早上发表的，并没有明确说明尼尔森出了什么问题，也没有说明她有多愚蠢。,1,,身体状况
"The paintings on show reinterpret fairy tales and other works, many of which are also quite familiar to Chinese audiences.","The paintings on show learn fairy tales and other works, many of which are also quite familiar to Chinese audiences.",展出的画作重新诠释了童话故事和其他作品，其中许多作品对中国观众来说也相当熟悉。,展出的画作学习童话故事和其他作品，其中许多对中国观众来说也相当熟悉。,0,,
The opening of this new pedestrian walkway on this most famous address is symbolic of a new beginning when a city and its people came together as one to combat the novel coronavirus.,The opening of this new pedestrian walkway on this most famous address is symbolic of a new beginning when a city and its people came together as one to combat the novel format.,在这个最著名的地址上开放这条新的人行道象征着一个新的开始，一个城市和它的人民团结起来抗击新型冠状病毒。,在这个最著名的地址上开放这条新的人行道象征着一个新的开始，当一个城市及其人民团结起来对抗这种新颖的形式时。,0,,
"The numbers suggest a basic disagreement among the Trump administration, state health officials and nursing home administrators over the best way to test this population and how to strike the right balance between speed and accuracy.","The numbers suggest a basic disagreement among the Trump brothers, state health officials and nursing home administrators over the best way to test this population and how to strike the right balance between speed and accuracy.",这些数字表明，特朗普政府，州卫生官员和养老院管理人员之间在测试这一人群的最佳方式以及如何在速度和准确性之间取得适当平衡方面存在基本分歧。,这些数字表明，特朗普兄弟，州卫生官员和疗养院管理人员在测试这一人群的最佳方式以及如何在速度和准确性之间取得适当平衡方面存在基本分歧。,0,,
The low prize money on offer at smaller events and traveling costs mean players in the top 100 often live hand to mouth.,The low prize money on offer at smaller events and traveling costs includes players in the top 100 often live hand to mouth.,小型赛事提供的低奖金和旅行费用意味着前 100 名的玩家经常亲自动手。,小型赛事提供的低奖金和旅行费用包括前 100 名的玩家，他们经常手枪匹马。,1,亲自动手,手枪匹马
"The director not only focuses on the crime, but also displays the light and warm side of humanity, primarily through a romance between the protagonist and his former schoolmate.","The director not only focuses on the crime, but also displays the light and warm side of humanity, primarily through a romance between the protagonist and his former govt.",导演不仅聚焦犯罪，还主要通过主角和昔日同学的一段恋情，展现了人性光明温暖的一面。,导演不仅聚焦犯罪，还展现了人性光明温暖的一面，主要是通过主角和前任政府之间的一段恋情。,0,,
"The costs of some popular routes have been halved for the period from mid - October through November, compared with the holiday.","The costs of some popular routes have been highlighted for the period from mid - October through November, compared with the holiday.",与假期相比，10月中旬至11月期间，一些热门路线的费用减少了一半。,与假期相比，10月中旬至11月期间，一些热门路线的成本已经突出。,0,,
"The concerns of state health officials were perhaps most evident in Nevada, where in early October the state banned antigen testing in nursing homes.","The concerns of state health fairs were perhaps most evident in Nevada, where in early October the state banned antigen testing in nursing homes.",州卫生官员的担忧也许在内华达州最为明显，该州在十月初禁止在养老院进行抗原检测。,州健康博览会的担忧也许在内华达州最为明显，该州在十月初禁止在养老院进行抗原检测。,0,,
"Some have called for more pragmatism, as a shorter isolation will be more effective in controlling the spread of the virus because of the compliance.","Some have called for more patience, as a shorter isolation will be more effective in controlling the spread of the virus because of the compliance.",一些人呼吁更加务实，因为由于依从性，较短的隔离将更有效地控制病毒的传播。,一些人呼吁增加耐心，因为由于依从性，较短的隔离将更有效地控制病毒的传播。,0,,
"Some claim they began in Belgium, where the salty delight was first encountered by American soldiers during World War i.","Some claim they travelled in Belgium, where the salty delight was first encountered by American soldiers during World War i.",有些人声称他们始于比利时，第一次世界大战期间美国士兵第一次遇到咸味。,有些人声称他们在比利时旅行，第一次世界大战期间美国士兵第一次遇到咸味。,0,,
"She became the first Bachelorette to find love so quickly that she did not even finish her season of the show, and now she and contestant dale moss are engaged.","She became the first waitress to find love so quickly that she did not even finish her season of the show, and now she and contestant dale moss are engaged.",她成为第一个如此迅速地找到爱情的单身女郎，以至于她甚至没有完成她的节目季，现在她和参赛者戴尔·莫斯订婚了。,她成为第一个如此迅速地找到爱情的女服务员，以至于她甚至没有完成她的节目季，现在她和参赛者戴尔莫斯订婚了。,0,,
"Second - hand cars and computer games also saw price rises, but these were partially offset by falls in the cost of energy and holidays.","Second - hand cars and computer bodies also saw price rises, but these were partially offset by falls in the cost of energy and holidays.",二手车和电脑游戏的价格也有所上涨，但这些被能源和假期成本的下降部分抵消。,二手车和电脑车身的价格也有所上涨，但这些被能源和假期成本的下降部分抵消。,0,,
"Players and coaches were confined to four walls for the entirety of the quarantine, only entering the room door to collect food, get tested for the virus and dispose of rubbish.","Players and coaches were confined to four walls for the entirety of the test, only entering the room door to collect food, get tested for the virus and dispose of rubbish.",在整个隔离期间，球员和教练被限制在四面墙内，只能进入房间门收集食物、接受病毒检测和处理垃圾。,在整个测试过程中，球员和教练被限制在四面墙内，只能进入房间门收集食物，接受病毒检测和处理垃圾。,0,,
One of the main things is to get a bunch of people that can see the messages that we learn back to their respective countries.,One of the main things is to get a bunch of people that can see the messages that we write back to their respective countries.,主要的事情之一是让一群人能够看到我们学到的信息回到他们各自的国家。,主要的事情之一是让一群人可以看到我们写回他们各自国家的信息。,0,,
"It found there had been a lack of applications from women for senior roles, many of which had not been available on a flexible basis.","It found there had been a lack of applications from labour for senior roles, many of which had not been available on a flexible basis.",它发现，缺乏妇女申请高级职位的情况，其中许多申请没有灵活提供。,它发现，劳工部门缺乏高级职位的申请，其中许多职位无法灵活提供。,1,申请,职位
"In the effort to deal with the challenges of the pandemic while also improving his performances on track, Hamilton has been trying new things.","In the effort to deal with the challenges of the run while also improving his performances on track, Hamilton has been trying new things.",为了应对大流行的挑战，同时提高他在赛道上的表现，汉密尔顿一直在尝试新事物。,为了应对跑步的挑战，同时提高他在赛道上的表现，汉密尔顿一直在尝试新事物。,0,,
"I really just had to self - motivate a lot out there because it was a lonely, very long run without me.","I really just had to self - release a lot out there because it was a lonely, very long run without me.",我真的只需要自我激励很多，因为没有我，这是一场孤独的、很长的跑步。,我真的只需要自我释放很多东西，因为没有我，这是一个孤独的，很长的运行。,1,跑步,运行
He said the move would allow the government to boost the economy whenever it is needed rather than just after a large shock such as the pandemic.,He said the move would allow the government to boost the economy whenever it is needed rather than just after a large shock such as the titanic.,他说，此举将使政府能够在需要时提振经济，而不仅仅是在大流行等大冲击之后。,他说，此举将使政府能够在需要时提振经济，而不仅仅是在泰坦尼克号等大冲击之后。,0,,
"Financial institutions and other persons might face secondary sanctions if they engage in transactions with designated entities after a 45 - day wind - down period, it added.","Financial institutions and other persons might face secondary sanctions if they engage in transactions with designated entities after a 45 - day wind - down period, it meant.",它补充说，如果金融机构和其他人在45天的缓冲期后与指定实体进行交易，可能会面临二级制裁。,这意味着，金融机构和其他人如果在45天的缓冲期后与指定实体进行交易，可能会面临二级制裁。,0,,
"Experts predict road use will decline again this time around but, with schools and universities staying open, the effect is not expected to be as dramatic as before.","Experts predict road use will decline again this episode around but, with schools and universities staying open, the effect is not expected to be as dramatic as before.",专家预测，这次道路使用量将再次下降，但随着学校和大学保持开放，预计效果不会像以前那样显着。,专家预测，这一事件的道路使用量将再次下降，但随着学校和大学保持开放，预计影响不会像以前那样显着。,0,,
Chinese photographers enjoyed more international success as the winners of the 56th Wldlife Photographer of the year award were presented at the natural history museum in London on Tuesday.,Chinese photographers enjoyed more international success as the winners of the 56th empire Photographer of the year award were presented at the natural history museum in London on Tuesday.,中国摄影师在国际上取得了更大的成功，因为第56届Wldlife年度摄影师奖的获奖者周二在伦敦自然历史博物馆颁发。,中国摄影师在国际上取得了更大的成功，因为第56届帝国年度摄影师奖的获奖者周二在伦敦自然历史博物馆颁发。,0,,
"But while both sides said a deal needed to be done in October, they have yet to come to an agreement, and talks between the negotiating teams have intensified.","But while both sides said a groundbreaking needed to be done in October, they have yet to come to an agreement, and talks between the negotiating teams have intensified.",但是，尽管双方都表示需要在10月达成协议，但他们尚未达成协议，谈判团队之间的谈判已经加强。,但是，尽管双方都表示需要在10月份进行突破性工作，但他们尚未达成协议，谈判团队之间的谈判已经加强。,0,,
Burnley secured their first win in the Premier League this season as victory over Crystal Palace at Turf Moor moved them out of the relegation zone.,Burnley secured their first win in the Premier League this season as victory over Crystal Palace at Turf Moor moved them out of the china zone.,伯恩利获得了本赛季在英超联赛中的首场胜利，在特夫摩尔击败水晶宫使他们脱离了降级区。,伯恩利获得了本赛季在英超联赛中的首场胜利，在特夫摩尔击败水晶宫将他们带出了中国区。,0,,
"As officials continue to warn about traveling over the holidays amid the fall surge, health experts are also investigating the virus' impact on children.","As officials continue to warn about traveling over the holidays amid the fall surge, health experts are also investigating the updates' impact on children.",随着官员们继续警告在秋季激增期间在假期旅行，健康专家也在调查该病毒对儿童的影响。,随着官员们继续警告在秋季激增期间旅行，健康专家也在调查更新对儿童的影响。,1,假期,
"All over the world, many hospitals are already at their breaking point, with overwhelmed and overworked staff members and a continuing surge of patients.","All over the world, many hospitals are already at their breaking point, with overwhelmed and terrified staff members and a continuing surge of patients.",在世界各地，许多医院已经处于崩溃的边缘，工作人员不堪重负，过度劳累，患者持续激增。,在世界各地，许多医院已经处于崩溃的边缘，工作人员不堪重负，恐惧万分，患者人数持续激增。,0,,
A maximum of 4000 fans will be allowed at outdoor events in the lowest - risk areas when the four - week lockdown in England ends on 2 December.,A maximum of 4000 fans will be allowed at outdoor events in the lowest - risk areas when the four - week testing in England ends on 2 December.,当英格兰为期四周的封锁于 12 月 2 日结束时，最多允许 4000 名球迷参加风险最低地区的户外活动。,当英格兰为期四周的测试于12月2日结束时，最多允许4000名球迷参加风险最低地区的户外活动。,0,,
"Young men always seem to feel that they must do something to defend their hairline, or to resist the fine lines that pop up around the corners of their eyes.","Young men always seem to feel that they must do something to defend their legs, or to resist the fine lines that pop up around the corners of their eyes.",年轻人似乎总觉得他们必须做点什么来捍卫自己的发际线，或者抵抗眼角弹出的细纹。,年轻人似乎总觉得他们必须做点什么来保护自己的腿，或者抵抗眼角弹出的细纹。,0,,
Xi called on the two nations to jointly uphold multilateralism and firmly safeguard the international order and system with the United Nations at the helm.,Xi called on the two nations to jointly uphold honor and firmly safeguard the international order and system with the United Nations at the helm.,习近平呼吁两国共同维护多边主义，坚定维护以联合国为主导的国际秩序和体系。,习近平呼吁两国共同维护荣誉，坚定维护由联合国掌舵的国际秩序和体系。,0,,
"Within the first five years, a dynamic system for protection is to be established to enable close cooperation among central and local government departments with active participation of the public.","Within the first five years, a dynamic system for protection is to be established to enable close cooperation among central and local government departments with active participation of the committee.",在头五年内，将建立一个充满活力的保护系统，以便在公众的积极参与下，使中央和地方政府部门能够密切合作。,在头五年内，将建立一个充满活力的保护制度，以便在委员会的积极参与下，使中央和地方政府部门能够密切合作。,0,,
Wednesday' s meeting also adopted conclusions on an action plan against money laundering and terrorism financing presented by the european commission in May.,Wednesday' s government also adopted conclusions on an action plan against money laundering and terrorism financing presented by the european commission in May.,周三的会议还通过了欧盟委员会在5月份提出的反洗钱和恐怖主义融资行动计划的结论。,周三的政府还通过了欧盟委员会在5月份提出的反洗钱和恐怖主义融资行动计划的结论。,0,,
"Wearing a mask can help protect you, not just those around you, from coronavirus transmission, the Centers for Disease Control and Prevention said in new guidance Tuesday.","Wearing a mask can help protect you, not just those around you, from aerial transmission, the Centers for Disease Control and Prevention said in new guidance Tuesday.",美国疾病控制和预防中心周二在新的指南中表示，戴口罩可以帮助保护您，而不仅仅是您周围的人免受冠状病毒传播。,戴口罩可以帮助保护你，而不仅仅是你周围的人，免受空中传播，疾病控制和预防中心周二在新指南中说。,1,美国,
"Unless we support people to isolate, they are never going to stop carrying on with their lives and inadvertently passing on the virus.","Unless we support people to isolate, they are however going to stop carrying on with their lives and inadvertently passing on the virus.",除非我们支持人们隔离，否则他们永远不会停止生活并在无意中传播病毒。,除非我们支持人们隔离，否则他们将停止继续生活并在无意中传播病毒。,1,,继续
"Twitter, already under fire from lawmakers and regulators, appeared to go down altogether on Thursday.","Twitter, already under fire from volunteers and regulators, appeared to go down altogether on Thursday.",已经受到立法者和监管机构抨击的Twitter似乎在周四完全倒闭。,Twitter已经受到志愿者和监管机构的抨击，周四似乎完全倒闭。,0,,
"Trump has continued his attacks on mail - in ballots, saying he would deploy lawyers if states are still counting votes after Election day.","Trump has continued his attacks on mail - in condoms, saying he would deploy lawyers if states are still counting votes after Election day.",特朗普继续在选票中攻击邮件，称如果各州在选举日后仍在计算选票，他将部署律师。,特朗普继续攻击邮件 - 避孕套，称如果各州在选举日后仍在计算选票，他将部署律师。,0,,
"Trump extended the invitation on Thursday morning to the Michigan lawmakers by calling the state senate' s Republican majority leader, the person familiar said.","Trump extended the invitation on Thursday morning to the Michigan patriots by calling the state senate' s Republican majority leader, the person familiar said.",知情人士说，特朗普周四早上通过致电州参议院的共和党多数党领袖向密歇根州立法者发出邀请。,知情人士说，特朗普周四早上通过致电州参议院共和党多数党领袖向密歇根爱国者发出邀请。,0,,
Travel rules have been relaxed for people arriving in England to work on poultry farms to ensure there is a turkey available for Christmas dinners.,Travel rules have been relaxed for players arriving in England to work on poultry farms to ensure there is a turkey available for Christmas dinners.,对于抵达英格兰在家禽养殖场工作的人来说，旅行规则已经放宽，以确保圣诞晚餐有火鸡。,对于抵达英格兰在家禽养殖场工作的球员来说，旅行规则已经放宽，以确保圣诞晚餐有火鸡可用。,0,,
Those who have previously visited the Schengen area and have a positive visa history will be granted the opportunity to have a multiple - entry visa valid for up to five years.,Those who have previously visited the resort area and have a positive visa history will be granted the opportunity to have a multiple - entry visa valid for up to five years.,那些以前访问过申根地区并有良好签证记录的人将有机会获得有效期长达五年的多次入境签证。,那些以前去过度假区并有良好签证记录的人将有机会获得有效期长达五年的多次入境签证。,0,,
"Those living under level four restrictions would be advised to avoid any unnecessary travel out of the country, and to keep journeys within the area to an absolute minimum.","Those living under level four restrictions would be advised to avoid any unnecessary travel out of the airport, and to keep journeys within the area to an absolute minimum.",建议那些生活在四级限制下的人避免任何不必要的出国旅行，并将该地区的旅行保持在绝对最低限度。,建议那些生活在四级限制下的人避免任何不必要的离开机场，并将该地区的旅行保持在绝对最低限度。,0,,
"This year will be different to previous years, but i' m sure that the travelers that do end up coming here will of course find huge enjoyment.","This year will be different to previous years, but i' m sure that the travelers that do end up coming here will of course find huge towers.",今年将与往年不同，但我相信最终来到这里的旅行者当然会找到巨大的乐趣。,今年将与往年不同，但我相信最终来到这里的旅行者当然会发现巨大的塔楼。,0,,
"This went to the High Court, where judges found that most, but not all of the policies involved should pay out offering a potential lifeline to these small businesses.","This went to the High Court, where judges found that most, but not all of the policies involved should pay out offering a potential favour to these small businesses.",这被送到了高等法院，法官发现，大多数（但不是全部）所涉及的保单都应该为这些小企业提供潜在的生命线。,这被提交给了高等法院，法官发现，大多数（但不是全部）所涉及的政策都应该支付，为这些小企业提供潜在的好处。,1,保单,政策
"This is the first time the smartphone brand took such a position, following the first in 2014, according to Beijing News.","This is the first time the smartphone brand took such a position, following the first in 2014, compared to Beijing News.",据新京报报道，这是智能手机品牌继2014年首次采取这种立场之后。,这是智能手机品牌继2014年首次与新京报相比采取这样的立场。,0,,
"This is the core of our service culture, a service that anticipates your every need and an emotional connection that comes from the heart.","This is the core of our service culture, a service that matched your every need and an emotional connection that comes from the heart.",这是我们服务文化的核心，该服务可以预测您的每一个需求和发自内心的情感联系。,这是我们服务文化的核心，一种满足您的每一个需求的服务，以及发自内心的情感联系。,0,,
"They made a flying start to their campaign, winning five of their first six matches, before faltering and suffering four straight defeats in the latter stages of the group phase.","They made a flying start to their campaign, winning five of their first six matches, before relegation and suffering four straight defeats in the latter stages of the group phase.",他们在赛季中取得了良好的开局，在前六场比赛中赢下了五场，然后在小组赛的后期步履蹒跚，遭遇了四连败。,他们的赛季开局良好，前六场比赛赢了五场，然后降级，并在小组赛后期遭遇四连败。,1,取得,
"There ’ s something deeply moving about seeing something germinate, flower or even go to seed.","There ’ s something deeply moving about seeing something leaf, flower or even go to seed.",看到一些东西发芽、开花甚至播种，会有一些深深的感动。,看到一些叶子、花朵甚至种子，都会有一些深深的感动。,1,开花;播种,花朵;种子
"Then when there is a peak in demand in a day or a month, the liquid air will be warmed so it expands.","Then when there is a peak in pressure in a day or a month, the liquid air will be warmed so it expands.",然后，当一天或一个月内需求达到峰值时，液态空气将被加热，使其膨胀。,然后，当一天或一个月内出现压力峰值时，液态空气将被加热，使其膨胀。,0,,
The results are only representative of nine marine corps recruit classes and more research is needed to determine whether similar findings would emerge among other groups of young recruits.,The results are only representative of nine marine corps recruit classes and more research is needed to determine whether similar sculptures would emerge among other groups of young recruits.,结果仅代表九个海军陆战队新兵班级，需要更多的研究来确定其他年轻新兵群体中是否会出现类似的发现。,结果仅代表九个海军陆战队新兵班级，需要更多的研究来确定其他年轻新兵群体中是否会出现类似的雕塑。,0,,
"The rapid growth of artificial intelligence presents an opportunity for Africa to provide solutions to some of its most pressing problems, such as food security, healthcare and financial services.","The rapid growth of artificial rna presents an opportunity for Africa to provide solutions to some of its most pressing problems, such as food security, healthcare and financial services.",人工智能的快速增长为非洲提供了为粮食安全、医疗保健和金融服务等一些最紧迫问题提供解决方案的机会。,人工RNA的快速增长为非洲提供了解决一些最紧迫问题的机会，例如粮食安全，医疗保健和金融服务。,0,,
"The event attracted 285 enterprise from 30 countries, a number smaller than previous years due to the pandemic.","The event attracted 285 enterprise from 30 countries, a number smaller than previous years due to the situation.",该活动吸引了来自30个国家的285家企业，由于大流行，数量比往年有所减少。,该活动吸引了来自30个国家的285家企业，由于形势原因，数量比往年有所减少。,0,,
"The drop in the numbers led to an unprecedented 10 - day period where, before their closure, Italy' s cultural attractions were offering pretty much private visits for tourists and visitors alike.","The drop in the numbers led to an unprecedented 10 - day period where, before their closure, blackpool' s cultural attractions were offering pretty much private visits for tourists and visitors alike.",人数的下降导致了前所未有的10天时间，在关闭之前，意大利的文化景点为游客和游客提供了几乎私人参观的机会。,人数的下降导致了前所未有的10天时间，在关闭之前，布莱克浦的文化景点为游客和游客提供了几乎私人参观的机会。,0,,
"The days were really, really odd because your sleep schedule is messed up and you' re out of contact with everyone else.","The days were really, really odd because your sleep schedule is messed up and you' re out of contact with thing else.",这些日子真的非常非常奇怪，因为你的睡眠时间表被打乱了，你和其他人失去了联系。,这些日子真的非常非常奇怪，因为你的睡眠时间表被打乱了，你和其他东西失去了联系。,0,,
"The cars are incredible, in fact how they' re made, watching the craftsmanship, the work that goes into them, the technology, the team.","The cars are incredible, in fact how they' re made, watching the homes, the work that goes into them, the technology, the team.",这些汽车令人难以置信，事实上它们是如何制造的，观察工艺，其中的工作，技术，团队。,这些汽车令人难以置信，事实上它们是如何制造的，观察房屋，进入它们的工作，技术，团队。,0,,
That board will look to see how many of the participants who are ill received the vaccine and how many received the placebo.,That board will look to see how many of the participants who are ill received the vaccine and how many received the dose.,该委员会将研究有多少生病的参与者接受了疫苗，有多少人接受了安慰剂。,该委员会将研究有多少生病的参与者接受了疫苗，有多少人接受了剂量。,0,,
"Such was the Saints dominance, they closed out the game with back up quarterback and former Buccaneers starter Jameis Winston taking the field.","Such was the Saints dominance, they closed out the game with back up quarterback and former Buccaneers starter bill Winston taking the field.",这就是圣徒队的统治力，他们以替补四分卫和前海盗队首发詹姆斯温斯顿上场结束了比赛。,这就是圣徒队的统治力，他们以替补四分卫和前海盗队首发比尔温斯顿上场结束了比赛。,0,,
"Springsteen has always been a poet at heart, and his music during marathon live performances with deeply personal accounts of his life and experiences.","Springsteen has always been a cowboy at heart, and his music during marathon live performances with deeply personal accounts of his life and experiences.",斯普林斯汀内心一直是一位诗人，他在马拉松现场表演中的音乐对他的生活和经历有着深刻的个人描述。,斯普林斯汀内心一直是一个牛仔，他在马拉松现场表演中的音乐对他的生活和经历有着深刻的个人描述。,0,,
"Since then, the majority of applicants for the position came with backgrounds in finance, business and, cultural and tourism industries, and international business.","Since then, the majority of applicants for the business came with backgrounds in finance, business and, cultural and tourism industries, and international business.",从那时起，该职位的大多数申请人都拥有金融、商业、文化和旅游业以及国际商务的背景。,从那时起，该业务的大多数申请人都具有金融，商业，文化和旅游业以及国际商务的背景。,0,,
"She had recently received an email from a friend, a single woman who confessed that she had spent months in dire economic straits.","She had recently received an email from a friend, a single lexi who confessed that she had spent months in dire economic straits.",她最近收到一封来自朋友的电子邮件，一位单身女性承认她在可怕的经济困境中度过了几个月。,她最近收到一封来自朋友的电子邮件，他承认自己在严峻的经济困境中度过了几个月。,1,可怕,严峻
Search and rescue operations have been going on around the clock in the debris of a total of eight collapsed buildings in the city.,Search and rescue operations have been going on around the clock in the debris of a total of eight collapsed corridors in the city.,搜救行动一直在该市总共八座倒塌建筑物的废墟中全天候进行。,搜救行动一直在该市总共八条倒塌走廊的废墟中全天候进行。,0,,
"Responsible for meeting and greeting visiting dignitaries and dignitaries, he leads tours of the city and embodies the enduring hold of the legend that draws most travellers here.","Responsible for meeting and greeting visiting dignitaries and dignitaries, he leads tours of the city and supports the enduring hold of the legend that draws most travellers here.",他负责会见和迎接来访的政要和政要，带领城市之旅，体现了吸引大多数游客的传奇的持久存在。,他负责会见和问候来访的政要和政要，带领城市之旅，并支持吸引大多数游客的传奇的持久存在。,0,,
"Priscilla Chan always knew her life' s work would be helping children, but she did not anticipate having billions of dollars at her disposal to try and change the fate of an entire generation.","Priscilla Chan always knew her life' s work would be helping children, but she did not mention having billions of dollars at her disposal to try and change the fate of an entire generation.",普莉希拉·陈一直知道她一生的工作就是帮助孩子，但她没想到会有数十亿美元可供她支配，试图改变整整一代人的命运。,普莉希拉·陈一直知道她一生的工作就是帮助孩子们，但她没有提到有数十亿美元可供她支配，试图改变整整一代人的命运。,0,,
"Other videos on social media showed Bolt dancing with dozens of people, the majority of whom were not wearing masks and were not observing social distancing.","Other videos on social media showed Bolt dancing with dozens of people, the majority of whom were not wearing masks and were not observing social rights.",社交媒体上的其他视频显示，博尔特与数十人跳舞，其中大多数人没有戴口罩，也没有遵守社交距离。,社交媒体上的其他视频显示，博尔特与数十人共舞，其中大多数人没有戴口罩，也没有遵守社会权利。,0,,
"Now we think that' s because she quit to pursue a relationship with Moss, a former professional football player who captured her heart from the start.","Now we think that' s because she happens to pursue a relationship with Moss, a former professional football player who captured her heart from the start.",现在我们认为这是因为她辞职是为了追求与莫斯的关系，莫斯是一名前职业足球运动员，从一开始就俘获了她的心。,现在我们认为这是因为她碰巧与莫斯建立了关系，莫斯是一名前职业足球运动员，从一开始就俘获了她的心。,1,追求,建立
"Li says that he will work hard to make sailing more exciting, easier to participate and to become a showcase of human power combined with the energy of nature.","Li says that he will work hard to make sailing more exciting, easier to participate and to become a showcase of human power combined with the energy of rev.",李说，他将努力使帆船运动更精彩，更容易参与，成为人类力量与自然能量相结合的展示。,李说，他将努力使帆船运动更精彩，更容易参与，并成为人类力量与Rev能量相结合的展示。,0,,
"It is important that learning is applied to planning for this winter, including what services can be delivered safely.","It is important that learning is applied to planning for this benefit, including what services can be delivered safely.",重要的是，将学习应用于今年冬天的规划，包括可以安全提供哪些服务。,重要的是，将学习应用于规划这一福利，包括可以安全提供哪些服务。,0,,
"It is covered with snow for eight months throughout the year, making it hard for hiking to take root and grow.","It is covered with oak for eight months throughout the year, making it hard for hiking to take root and grow.",它全年有八个月被雪覆盖，使徒步旅行难以生根和生长。,它全年有八个月被橡树覆盖，这使得徒步旅行很难生根和生长。,0,,
"It also mentions that the year marks the 20th anniversary of SCO, and activities like art exhibitions, film festivals, student football tournament and boxing tournament will be held in member countries.","It also mentions that the year marks the 20th anniversary of fascism, and activities like art exhibitions, film festivals, student football tournament and boxing tournament will be held in member countries.",它还提到，今年是上海合作组织成立20周年，成员国将举办艺术展览，电影节，学生足球比赛和拳击比赛等活动。,它还提到，今年是法西斯主义成立20周年，成员国将举办艺术展览，电影节，学生足球锦标赛和拳击锦标赛等活动。,0,,
"In the summer of 1988, lee took chuck and two of his bandmates to lunch in Greenwich Village and asked them to write an anthem.","In the summer of 1988, lee took chuck and two of his teammates to lunch in Greenwich Village and asked them to write an anthem.",1988年夏天，李带着查克和他的两个乐队成员在格林威治村共进午餐，并请他们写一首国歌。,1988年夏天，李带着查克和他的两个队友去格林威治村吃午饭，并请他们写一首国歌。,0,,
"In a confounding and overwhelming year, music has allowed us both to reflect on the state of the world and escape from it with equal brilliance, says Nick Levine.","In a brave and overwhelming year, music has allowed us both to reflect on the state of the world and escape from it with equal brilliance, says Nick Levine.",尼克·莱文说，在一个令人困惑和压倒性的一年里，音乐让我们既能反思世界的状况，又能以同样的光彩逃离世界。,尼克·莱文说，在勇敢而压倒性的一年里，音乐让我们既能反思世界的状况，又能以同样的光彩逃离世界。,0,,
I was really looking forward to competing this week but will do everything I can to return as quickly as possible.,I was really looking forward to competing this fall but will do everything I can to return as quickly as possible.,我真的很期待本周的比赛，但我会尽我所能尽快回来。,我真的很期待今年秋天的比赛，但我会尽我所能尽快回来。,0,,
"I just need an opportunity to become the best in the world, which I truly believe that Matchroom is able to provide.","I just need an opportunity to become the best in the world, which I truly believe that satan is able to provide.",我只需要一个成为世界上最好的机会，我真的相信Matchroom能够提供。,我只需要一个机会成为世界上最好的，我真的相信撒旦能够提供。,0,,
"House prices rose at their fastest rate for five weeks in October as buyers raced to beat next year' s stamp duty deadline, the Nationwide has said.","House prices rose at their fastest rate for five weeks in October as buyers raced to beat next year' s stamp duty deadline, the Nationwide has known.",全国范围内表示，房价在10月份以五周来最快的速度上涨，因为买家竞相赶上明年的印花税截止日期。,全国都知道，房价在10月份以五周来最快的速度上涨，因为买家竞相赶上明年的印花税截止日期。,0,,
"Her research had pointed her toward the schisms dividing modern America, showing how abruptly communities can fracture along fault lines of race and class.","Her research had pointed her toward the mountains dividing modern America, showing how abruptly communities can fracture along fault lines of race and class.",她的研究将她指向了划分现代美国的分裂，展示了社区如何突然沿着种族和阶级的断层线分裂。,她的研究将她指向分隔现代美国的山脉，展示了社区如何突然沿着种族和阶级的断层线分裂。,0,,
"He was a philanthropist, and he was good for somewhere he could try out an experiment, mainly with education, and wanted to find a community where he could rule it.","He was a philanthropist, and he was good for somewhere he could try out an experiment, mainly with education, and wanted to find a democracy where he could rule it.",他是一个慈善家，他喜欢在某个地方尝试一个实验，主要是教育，并希望找到一个他可以统治它的社区。,他是一个慈善家，他喜欢在某个地方尝试一个实验，主要是教育，并希望找到一个他可以统治它的民主国家。,0,,
"He performed really well in the past camp, so that is a relief but we have got strength in depth.","He sounds really well in the past camp, so that is a relief but we have got strength in depth.",他在上一次训练营中表现得非常好，所以这是一种解脱，但我们在深度上得到了力量。,在过去的训练营中，他听起来非常好，所以这是一种解脱，但我们在深度上得到了力量。,0,,
"Groups of friends and families are major forces behind preparing for the holiday, as college students account for a diminishing proportion.","Groups of friends and families are major forces behind preparing for the holiday, as college students account for a high proportion.",朋友和家人团体是准备假期的主要力量，因为大学生所占的比例越来越小。,朋友和家人团体是准备假期的主要力量，因为大学生占很大比例。,0,,
"Everybody just talked about my arm instead of talking about how I was making the right decisions, going to the right place.","Everybody just talked about my arm instead of talking about how I was making the right distance, going to the right place.",每个人都只是谈论我的手臂，而不是谈论我如何做出正确的决定，去正确的地方。,每个人都只是谈论我的手臂，而不是谈论我如何达到正确的距离，去正确的地方。,0,,
"Emanuel has expressed his interest in the post, telling allies that the nation' s infrastructure challenges are so dire that a person with experience from the executive and legislative branch would be an asset.","Emanuel has expressed his interest in the post, telling allies that the nation' s infrastructure challenges are so dire that a journalist with experience from the executive and legislative branch would be an asset.",伊曼纽尔表达了他对这个职位的兴趣，告诉盟友，国家的基础设施挑战是如此严峻，以至于具有行政和立法部门经验的人将是一种资产。,伊曼纽尔表达了他对这个职位的兴趣，他告诉盟友，国家的基础设施挑战是如此严峻，以至于具有行政和立法部门经验的记者将是一种资产。,0,,
Dustin Johnson' s record - breaking Masters victory owed plenty to soft November conditions but he also demonstrated qualities that make him close to the complete package as a player.,Dustin Johnson' s record - breaking Masters victory owed plenty to soft November conditions but he also demonstrated qualities that make him close to the complete package as a father.,达斯汀·约翰逊打破大师赛胜利的纪录在很大程度上归功于11月的软条件，但他也表现出了使他接近完整球员的品质。,达斯汀·约翰逊打破大师赛胜利的纪录在很大程度上归功于11月的软条件，但他也表现出了使他接近父亲完整包装的品质。,1,,包装
"During the conversation, the two presidents also discussed the issue of illegal immigration and the solutions that must be reached together to address the issue.","During the conversation, the two presidents also discussed the issue of illegal immigration and the group that must be reached together to address the issue.",在谈话中，两国元首还讨论了非法移民问题以及必须共同解决这一问题的解决方案。,在谈话中，两国总统还讨论了非法移民问题以及必须共同解决这一问题的小组。,0,,
Ding became the pride of his snooker - loving nation in 2005 when he won the China Open right after his 18th birthday.,Ding became the pride of his rock - loving nation in 2005 when he won the China Open right after his 18th birthday.,2005年，丁俊晖在18岁生日后赢得了中国公开赛冠军，成为斯诺克热爱的国家的骄傲。,2005年，丁玲在18岁生日后赢得了中国公开赛冠军，成为他热爱摇滚的国家的骄傲。,1,丁俊晖,丁玲
"Despite not feeling hungry at first, my stomach became a bottomless pit as I continued eating.","Despite not feeling hungry at first, my stomach became a foul pit as I continued eating.",尽管一开始并不觉得饿，但当我继续吃东西时，我的胃变成了一个无底洞。,尽管一开始并不觉得饿，但当我继续吃东西时，我的胃变成了一个臭坑。,0,,
But some of its youngest members get round this by lying about their date of birth when they join.,But some of its female members get round this by lying about their date of birth when they join.,但是，一些最年轻的成员通过在加入时谎报出生日期来解决这个问题。,但它的一些女性成员通过在加入时谎报出生日期来解决这个问题。,0,,
"Before the pandemic, there was only limited use of gloves, however, and in particular masks, in care homes.","Before the years, there was only limited use of gloves, however, and in particular masks, in care homes.",然而，在大流行之前，护理院中手套的使用有限，尤其是口罩。,然而，在此之前，护理院中手套的使用有限，尤其是口罩。,0,,
"Any vaccines which are determined for use will undergo a vigorous series of safety checks, they will be absolutely safe for the public to use.","Any ships which are determined for use will undergo a vigorous series of safety checks, they will be absolutely safe for the public to use.",任何确定使用的疫苗都将经过一系列严格的安全检查，公众使用绝对安全。,任何确定使用的船舶都将经过一系列严格的安全检查，公众使用绝对安全。,0,,
"After three years, the man' s account was still active, at which point Panorama contacted the company.","After three years, the employer' s account was still active, at which point Panorama contacted the company.",三年后，该男子的账户仍然有效，此时Panorama联系了该公司。,三年后，雇主的账户仍然有效，此时Panorama联系了该公司。,0,,
A young chef at the Chairman spends more than a year practicing on the wok by cooking staff meals before he or she is allowed to stir up a dish for dinner.,A young chef at the Chairman spends more than a year practicing on the bike by cooking staff meals before he or she is allowed to stir up a dish for dinner.,主席的年轻厨师花了一年多的时间在炒锅上练习，在他或她被允许搅拌晚餐之前，通过烹饪员工饭菜来练习。,主席的年轻厨师花了一年多的时间在自行车上练习，在他或她被允许搅拌晚餐之前，通过烹饪员工饭菜。,0,,
A review has been ordered by racecourse bosses after all but one runner was disqualified from a race at Fontwell.,A review has been ordered by racecourse bosses after all but one runner was disqualified from a race at ste.,赛马场老板已经下令进行审查，毕竟除了一名跑步者被取消了在Fontwell的比赛资格。,赛马场老板已经下令进行审查，毕竟除了一名跑步者被取消了比赛资格。,0,,
"A new Watch Dogs trailer, apparently featuring footage from the current - gen version of the game, has drawn criticism for its poor quality.","A new Watch Dogs trailer, apparently featuring footage from the current - gen version of the pilot, has drawn criticism for its poor quality.",一个新的看门狗预告片，显然是来自当前游戏版本的镜头，因其质量差而受到批评。,一个新的看门狗预告片，显然是当前一代版本的飞行员的镜头，因其质量差而受到批评。,1,,一代
"A Chinese citizen, who worked at the same restaurant, was injured in the attack and is now in stable condition, the embassy said.","A Chinese citizen, who worked at the same restaurant, was injured in the part and is now in stable condition, the embassy said.",大使馆说，在同一家餐馆工作的一名中国公民在袭击中受伤，目前情况稳定。,大使馆说，在同一家餐馆工作的一名中国公民在该部分受伤，目前情况稳定。,0,,
"With all the group and previous knockout matches played behind closed door, tickets for the final were in very hot demand.","With all the home and previous knockout matches played behind closed door, tickets for the final were in very hot demand.",由于所有小组赛和之前的淘汰赛都是闭门进行的，决赛的门票需求非常火爆。,由于所有主场和之前的淘汰赛都是闭门进行的，决赛的门票需求非常火爆。,0,,
"We just carry on and focus on the next game, the next game and that' s what we are doing.","We just carry on and say on the next game, the next game and that' s what we are doing.",我们只是继续前进，专注于下一场比赛，下一场比赛，这就是我们正在做的事情。,我们只是继续说下一场比赛，下一场比赛，这就是我们正在做的事情。,0,,
"We have captured a piece of history by telling the stories of our lives during such an unusual period, and that gives this book meaning.","We have captured a piece of history by telling the stories of our lives during such an unusual creature, and that gives this book meaning.",我们通过讲述这样一个不寻常时期的生活故事来捕捉一段历史，这赋予了这本书意义。,我们通过讲述我们在这种不寻常的生物中的生活故事来捕捉一段历史，这赋予了这本书意义。,0,,
"Trump is listening to his friends, this he said, but hurriedly ends conversations because he disagrees.","Trump is listening to his friends, this he said, but hurriedly ends conversations because he de.",特朗普正在听他的朋友说，他说，但匆忙结束了谈话，因为他不同意。,特朗普正在听他的朋友说话，他说，但匆忙结束了谈话，因为他德。,0,,
"Travelers can also opt for small islands on the lake, where karst landscape and monkeys can be spotted.","Travelers can also opt for small islands on the lake, where real landscape and monkeys can be spotted.",游客还可以选择湖上的小岛，在那里可以看到喀斯特景观和猴子。,游客还可以选择湖上的小岛，在那里可以看到真正的风景和猴子。,0,,
"To facilitate contact tracing, guests will be obliged to book in advance for each film release and sit only on their pre - ordered seat.","To facilitate contact tracing, practitioners will be obliged to book in advance for each film release and sit only on their pre - ordered seat.",为了便于追踪接触者，客人必须提前预订每部电影上映，并且只能坐在他们预订的座位上。,为了便于追踪接触者，从业者将有义务提前预订每部电影上映，并且只能坐在他们预订的座位上。,0,,
Thousands of people have been prevented from paying with cash in recent months.,Thousands of people have been assaulted from paying with cash in recent months.,近几个月来，成千上万的人被阻止用现金支付。,近几个月来，成千上万的人因用现金支付而受到攻击。,0,,
"This was no rough draft, demanding a revision, yet it was not among the dozens of songs he recorded with Lomax in 1940.","This was no rough draft, demanding a revision, yet it was not among the dozens of songs he recorded with decca in 1940.",这不是需要修改的草稿，但它不是他在1940年与Lomax一起录制的数十首歌曲之一。,这不是需要修改的草稿，但它不是他在1940年与Decca录制的数十首歌曲之一。,0,,
This chance for the Nigerien tribes to share their perspective of the impact of colonial rule was something Conrad never afforded his African characters.,This chance for the colonial tribes to share their perspective of the impact of colonial rule was something Conrad never afforded his African characters.,尼日尔部落有机会分享他们对殖民统治影响的看法，这是康拉德从未给他的非洲角色的。,殖民地部落有机会分享他们对殖民统治影响的看法，这是康拉德从未给他的非洲角色的。,0,,
"There is a medical team, made up of more than 10 professionals that is in constant contact with everyone.","There is a medical ethics, made up of more than 10 professionals that is in constant contact with everyone.",有一个由10多名专业人员组成的医疗团队，与每个人保持联系。,有一个医学伦理，由10多名专业人士组成，与每个人保持联系。,0,,
The top science cities are those whose institutions collectively publish the most output in the 82 major journals ranked by the Nature Index.,The top protein cities are those whose institutions collectively publish the most output in the 82 major journals ranked by the Nature Index.,顶级科学城市是那些在自然指数排名的82种主要期刊中，其机构集体发表产出最多的城市。,顶级蛋白质城市是那些在自然指数排名的82种主要期刊中集体发表最多产出的城市。,1,机构,
"The resulting rush of air will drive a turbine to make electricity, which can be sold back to the grid.","The resulting rush of air will drive a turbine to make dust, which can be sold back to the grid.",由此产生的空气涌入将驱动涡轮机发电，这些电力可以卖回电网。,由此产生的空气涌入将驱动涡轮机产生灰尘，这些灰尘可以卖回电网。,0,,
The restrictions relating to Denmark have been implemented because of concerns over a new coronavirus strain.,The restrictions relating to Denmark have been implemented because of concerns over a new training strain.,由于担心新的冠状病毒毒株，已经实施了与丹麦有关的限制。,由于担心新的培训压力，已经实施了与丹麦有关的限制。,1,毒株,压力
The report was put out by the African Union Development Agency and the African Development Bank after a study into the establishment of a continental electricity grid.,The report was put out by the korea Union Development Agency and the African Development Bank after a study into the establishment of a continental electricity grid.,该报告是由非洲联盟开发署和非洲开发银行在对建立大陆电网进行研究后发布的。,该报告是由韩国联盟发展厅和非洲开发银行在对大陆电网的建立进行研究后发布的。,0,,
"The report said since the start of the pandemic adverse trends in poverty, especially, employment and mental health for children and young people had worsened.","The report said since the start of the apartheid adverse trends in poverty, especially, employment and mental health for children and young people had worsened.",报告称，自大流行开始以来，贫困的不利趋势，特别是儿童和年轻人的就业和心理健康恶化。,报告说，自种族隔离开始以来，贫困的不利趋势，特别是儿童和年轻人的就业和心理健康恶化。,0,,
"The relationship between source control and personal protection is likely complementary and possibly synergistic, so that individual benefit increases with increasing community mask use.","The relationship between source control and personal protection is likely complementary and possibly optimal, so that individual benefit increases with increasing community mask use.",源头控制和个人保护之间的关系可能是互补的，也可能是协同的，因此个人利益随着社区口罩使用的增加而增加。,源头控制和个人保护之间的关系可能是互补的，也可能是最佳的，因此个人利益随着社区口罩使用的增加而增加。,0,,
The pandemic has severely disrupted the education and healthcare systems that millions of parents rely on.,The suicide has severely disrupted the education and healthcare systems that millions of parents rely on.,大流行严重扰乱了数百万父母所依赖的教育和医疗保健系统。,自杀事件严重扰乱了数百万父母所依赖的教育和医疗保健系统。,0,,
"The pandemic has affected most athletes in the world, and we are sorry so I will try my best to prepare for the Olympics.","The sin has affected most athletes in the world, and we are sorry so I will try my best to prepare for the Olympics.",疫情影响了世界上大多数运动员，我们很抱歉，我会尽力为奥运会做准备。,罪恶影响了世界上大多数运动员，我们很抱歉，所以我会尽力为奥运会做准备。,0,,
"The months ahead will be challenging for you, so it is especially important that we discuss and coordinate our policies.","The months ahead will be challenging for you, so it is especially early that we discuss and coordinate our policies.",未来几个月对你们来说将充满挑战，因此我们讨论和协调我们的政策尤为重要。,未来几个月对你们来说将充满挑战，因此我们讨论和协调我们的政策尤其早。,0,,
"The ministers renewed the discussion of new fiscal rules, which was disrupted by the pandemic early this year.","The ministers renewed the discussion of new fiscal rules, which was disrupted by the tide early this year.",部长们重新讨论了今年年初因疫情而中断的新财政规则。,部长们重新讨论了今年年初被潮流打乱的新财政规则。,1,中断,打乱
The goal is to popularize knowledge about how to eat properly and improve the life quality of cancer patients.,The goal is to earn knowledge about how to eat properly and improve the life quality of cancer patients.,目标是普及如何正确饮食的知识，提高癌症患者的生活质量。,目标是获得有关如何正确饮食和改善癌症患者生活质量的知识。,0,,
The developers are applying for regulatory approval after trial results showed it protected 70% of people.,The developers are applying for regulatory approval after trial results showed it protected 70% of women.,开发商正在申请监管批准，因为试验结果表明它保护了70%的人。,开发商正在申请监管批准，因为试验结果表明它保护了70%的女性。,0,,
"The decision resulted in clashes between his supporters and the opposition ahead of the Saturday elections, leading to deaths and injuries.","The decision resulted in clashes between his supporters and the opposition ahead of the Saturday dawn, leading to deaths and injuries.",这一决定导致他的支持者和反对派在周六选举前发生冲突，导致死亡和受伤。,这一决定导致他的支持者和反对派在星期六黎明前发生冲突，导致伤亡。,0,,
The coronavirus comes amid mass cancellation of flights and businesses as new cases are being diagnosed around the world every day.,The jack comes amid mass cancellation of flights and businesses as new cases are being diagnosed around the world every day.,冠状病毒是在航班和企业大规模取消之际出现的，因为世界各地每天都有新病例被诊断出来。,千斤顶是在航班和企业大规模取消的情况下出现的，因为世界各地每天都有新病例被诊断出来。,0,,
The club' s estimates assume a new free trade agreement with the eu by the end of the year.,The club' s estimates assume a new free trade agreement with the system by the end of the year.,该俱乐部的估计假设到今年年底将与欧盟达成新的自由贸易协定。,俱乐部的估计假设在年底前与该系统达成新的自由贸易协定。,0,,
"The cash injection will help with the construction and maintenance costs of St Paul' s, which is normally a huge tourist attraction.","The toxic injection will help with the construction and maintenance costs of St Paul' s, which is normally a huge tourist attraction.",现金注入将有助于支付圣保罗的建设和维护成本，圣保罗通常是一个巨大的旅游景点。,有毒物质注入将有助于圣保罗的建设和维护成本，圣保罗通常是一个巨大的旅游景点。,1,支付,
The Finnish government in particular has been working extremely closely with tourism representatives from Lapland to strike the fine balance between controlling the spread and allowing their vital tourism industry to operate safely.,The Finnish government in particular has been working extremely closely with tourism representatives from goa to strike the fine balance between controlling the spread and allowing their vital tourism industry to operate safely.,特别是芬兰政府一直与拉普兰的旅游代表密切合作，在控制传播和允许其重要的旅游业安全运营之间取得微妙的平衡。,特别是芬兰政府一直与果阿的旅游代表密切合作，在控制传播和允许其重要的旅游业安全运营之间取得微妙的平衡。,0,,
The EU recognizes the waters as belonging to greece and said it would be illegal for fishing to conduct drilling and energy exploration there.,The malaysia recognizes the waters as belonging to greece and said it would be illegal for fishing to conduct drilling and energy exploration there.,欧盟承认该水域属于希腊，并表示捕鱼在那里进行钻探和能源勘探是非法的。,马来西亚承认该水域属于希腊，并表示捕鱼在那里进行钻探和能源勘探是非法的。,0,,
Some people were able to go to another shop to buy what they wanted but about a third were unable to buy items or services at all.,Some people were able to go to another body to buy what they wanted but about a third were unable to buy items or services at all.,有些人可以去另一家商店购买他们想要的东西，但大约三分之一的人根本无法购买物品或服务。,有些人可以去另一个机构购买他们想要的东西，但大约三分之一的人根本无法购买物品或服务。,0,,
"She wanted to speak with someone, to ask questions, so she could gather accurate information because there were so many inaccuracies those first few months.","She wanted to speak with someone, to ask questions, so she could gather accurate information because there were so many animals those first few months.",她想和某人交谈，提出问题，这样她就可以收集准确的信息，因为最初的几个月有很多不准确的地方。,她想和某人交谈，提出问题，这样她就可以收集准确的信息，因为最初的几个月里有很多动物。,0,,
Salford said that compensation has now been agreed between all parties and have started the recruitment process for a new head coach.,Salford said that compensation has now been agreed between all parties and have started the recruitment process for a new head commandant.,索尔福德说，各方现在已经就补偿达成一致，并开始招聘新主教练。,索尔福德说，各方现已就赔偿达成一致，并已开始招聘新总司令。,0,,
Plans for Africa to improve its energy sector and connect more households and enterprises to power supplies are gathering steam with the release of a report that envisages a continent - wide market.,Plans for Africa to improve its energy sector and connect more households and enterprises to power supplies are gathering steam with the release of a report that made a continent - wide market.,非洲改善其能源部门并将更多家庭和企业连接到电力供应的计划正在随着一份报告的发布而加速，该报告设想了一个大陆 - 广泛的市场。,非洲改善其能源部门并将更多家庭和企业连接到电力供应的计划正在积聚，一份报告的发布使整个大陆的市场。,1,加速,积聚
"Parents are driving the sales of the original English books and magazines as they consider the readings not only effective science education but a way to learn english, according to Guo.","Parents are driving the sales of the original English books and magazines as they consider the readings not only effective science education but a way to learn english, according to facts.",郭说，家长们正在推动原始英语书籍和杂志的销售，因为他们认为这些阅读不仅是有效的科学教育，而且是一种学习英语的方式。,事实上，家长们正在推动原始英语书籍和杂志的销售，因为他们认为阅读不仅是有效的科学教育，而且是一种学习英语的方式。,0,,
"On that day, defending champions Mumbai were comfortable winners, securing a direct passage to the final and leading Delhi to a second - chance meeting with Sunrisers.","On that day, defending champions Mumbai were comfortable winners, securing a direct passage to the final and leading Delhi to a second - chance meeting with india.",那天，卫冕冠军孟买轻松获胜，确保了直接进入决赛的通道，并带领德里与Sunrisers第二次有机会相遇。,那天，卫冕冠军孟买轻松获胜，确保了直接进入决赛的通道，并带领德里与印度进行了第二次机会。,1,相遇,
"On some levels, the tale stokes a primal fear, with the piper a version of a universal bogey man that continues to haunt us.","On some levels, the tale stokes a primal fear, with the piper a version of a universal lone man that continues to haunt us.",在某些层面上，这个故事激起了一种原始的恐惧，吹笛者是一个普遍的柏忌人的版本，继续困扰着我们。,在某些层面上，这个故事激起了一种原始的恐惧，吹笛者是一个普遍的孤独者的版本，继续困扰着我们。,0,,
On show will be works by the three master artists to mark their courage to challenge rigid academic rules and experimental art to usher a long - standing form of art into a new era.,On show will be works by the three master artists to mark their courage to challenge rigid academic rules and experimental art to usher a long - standing form of art into a black era.,展出的将是三位大师级艺术家的作品，以表明他们挑战僵化的学术规则和实验艺术的勇气，将一种长期存在的艺术形式带入一个新时代。,展出的将是三位大师级艺术家的作品，以表明他们挑战僵化的学术规则和实验艺术的勇气，将一种长期存在的艺术形式带入一个黑人时代。,0,,
Mcdonald is putting a new spin on an old favorite as it tries to lure customers back during the day.,Mcdonald is putting a new spin on an old mold as it tries to lure customers back during the day.,麦当劳正在对旧的最爱进行新的旋转，因为它试图在白天吸引顾客回来。,麦当劳正在对旧模具进行新的旋转，因为它试图在白天吸引顾客回来。,0,,
"In this period, a number of countries have stepped up vr marketing efforts to prepare for the gradual recovery of their tourism industries.","In this review, a number of countries have stepped up vr marketing efforts to prepare for the gradual recovery of their tourism industries.",在此期间，一些国家加大了VR营销力度，为旅游业的逐步复苏做准备。,在本次回顾中，一些国家加大了VR营销力度，为旅游业的逐步复苏做准备。,0,,
"In the morning, people believe that their lips will crack if they don' t eat persimmons during this time.","In the morning, people believe that their lips will crack if they don' t eat vegetables during this time.",早上，人们相信如果他们在这段时间不吃柿子，他们的嘴唇会破裂。,早上，人们相信如果他们在这段时间不吃蔬菜，他们的嘴唇会破裂。,0,,
Imagine being forced to spend two weeks alone in a hospital room ahead of the biggest competition of your life.,Imagine being designated to spend two weeks alone in a hospital room ahead of the biggest competition of your life.,想象一下，在你生命中最大的竞争之前，被迫在医院病房里独自度过两周。,想象一下，在你生命中最大的比赛之前，被指定在医院病房里独自度过两周。,0,,
He then worked with other village officials to explain the potential benefits of sika deer breeding to the villagers.,He then worked with other village officials to explain the potential benefits of yellow deer breeding to the villagers.,然后，他与其他村干部一起向村民解释梅花鹿养殖的潜在好处。,然后，他与其他村干部一起向村民们解释黄鹿养殖的潜在好处。,0,,
"He points out everything done wrong in the original egg fried rice video, a response that has gathered more than 17 million views so far.","He points out everything done wrong in the original egg fried rice video, a response that has gathered more than 17 million men so far.",他指出了原始蛋炒饭视频中做错的一切，到目前为止，这一回应已经收集了超过1700万的观看次数。,他指出了原始蛋炒饭视频中做错的一切，到目前为止，这一回应已经聚集了超过1700万男性。,0,,
He joined Bravo Volunteer Ambulance as an emergency medical officer at a time when the city was facing a shortage of crew.,He joined Bravo Volunteer Ambulance as an emergency medical officer at a time when the army was facing a shortage of crew.,他加入了Bravo志愿救护车，担任紧急医疗官员，当时该市正面临船员短缺。,他加入了Bravo志愿救护车，担任紧急医疗官，当时军队面临船员短缺。,0,,
"He and his family usually spend a day or two near the lake, which provides refreshing experiences with the nice air and sunshine, he said.","He and his family usually spend a day or two near the lake, which seems refreshing experiences with the nice air and sunshine, he said.",他说，他和他的家人通常在湖边度过一两天，那里有良好的空气和阳光，提供令人耳目一新的体验。,他说，他和他的家人通常会在湖边度过一两天，这似乎是令人耳目一新的体验，空气和阳光都很好。,0,,
"He also warned that a second lockdown could present major challenges to public spending plans, adding that the spending cycle is going to get hard.","He also warned that a second wife could present major challenges to public spending plans, adding that the spending cycle is going to get hard.",他还警告说，第二次封锁可能会给公共支出计划带来重大挑战，并补充说支出周期将变得艰难。,他还警告说，第二任妻子可能会给公共支出计划带来重大挑战，并补充说支出周期将变得艰难。,0,,
"He again made no public appearances on Thursday, skipping the first coronavirus task force briefing at the White House in more than six months.","He again made no public appearances on Thursday, skipping the first intelligence task force briefing at the White House in more than six months.",周四，他再次没有公开露面，跳过了六个多月来在白宫举行的第一次冠状病毒工作组简报会。,周四，他再次没有公开露面，跳过了六个多月来在白宫举行的第一次情报工作组简报会。,0,,
"Garcia is the second player to have withdrawn because of the injury, after Joaquin Niemann pulled out last week following a positive test result.","Garcia is the second player to have withdrawn because of the injury, after Joaquin rivera pulled out last week following a positive test result.",加西亚是第二位因伤退出的球员，此前华金·尼曼上周在检测结果呈阳性后退出。,加西亚是第二位因伤退出的球员，此前华金·里维拉上周在测试结果呈阳性后退出。,0,,
Financial services firms entered the pandemic in a position of capital strength and have supported the economy and business to unprecedented levels since March.,Financial services firms entered the opening in a position of capital strength and have supported the economy and business to unprecedented levels since March.,金融服务公司以资本实力进入大流行，自 3 月以来将经济和业务支持到前所未有的水平。,金融服务公司以资本实力进入开盘，自3月以来一直支持经济和商业达到前所未有的水平。,0,,
Facebook and Twitter' s chief executives have been challenged over their handling of the US election in their latest appearance before the us Senate.,Facebook and Twitter' s chief executives have been watched over their handling of the US election in their latest appearance before the us Senate.,Facebook和Twitter的首席执行官在最近一次出现在美国参议院时，因处理美国大选而受到挑战。,Facebook和Twitter的首席执行官们在美国参议院的最新露面中一直受到关注，因为他们对美国大选的处理方式。,1,方式,
Child safety experts say parents need to be aware of the risks involved with making their children use TikTok.,Child safety experts say parents need to be aware of the risks involved with making their children use tool.,儿童安全专家表示，父母需要意识到让孩子使用TikTok所涉及的风险。,儿童安全专家表示，父母需要意识到让孩子使用工具所涉及的风险。,0,,
"But the remote controlled robots that can perform this type of surgery are often very large, expensive and not widely available.","But the remote controlled robots that can perform this type of terrorism are often very large, expensive and not widely available.",但是可以进行这种手术的遥控机器人通常非常大，昂贵且无法广泛使用。,但是，可以执行此类恐怖主义的遥控机器人通常非常大，昂贵且无法广泛使用。,0,,
Authorities around the world are trying to hammer home the message we have to wash our hands to protect against the spread of the new coronavirus.,Authorities around the world are trying to hammer home the message we have to wash our hands to protect against the spread of the new forms.,世界各地的当局正试图传达我们必须洗手以防止新型冠状病毒传播的信息。,世界各地的当局正试图传达我们必须洗手以防止新表格传播的信息。,0,,
"At the corporate headquarters of Terminus group in Beijing, engineers of the high - tech company are busy testing robots.","At the british headquarters of Terminus group in Beijing, engineers of the high - tech company are busy testing robots.",在北京Terminus集团的公司总部，这家高科技公司的工程师正忙着测试机器人。,在北京Terminus集团的英国总部，这家高科技公司的工程师正忙着测试机器人。,0,,
"As countries restrict travel to help slow the spread of coronavirus, some separated couples are meeting each other at their nations ’ closed borders.","As countries restrict travel to help slow the spread of scandal, some separated couples are meeting each other at their nations ’ closed borders.",随着各国限制旅行以帮助减缓冠状病毒的传播，一些分居的夫妇在各自国家的封闭边境见面。,随着各国限制旅行以帮助减缓丑闻的传播，一些分居的夫妇在各自国家的封闭边境见面。,0,,
"After living in Chengdu for six years, he would describe the food.","After living in austria for six years, he would describe the food.",在成都生活了六年后，他会描述食物。,在奥地利生活了六年后，他会描述食物。,0,,
"According to Traditional Chinese Medicine, the human body ’ s constitutions are intimately connected with the surrounding environment.","According to Traditional Chinese Medicine, the human body ’ s parts are intimately connected with the surrounding environment.",根据中医的说法，人体的体质与周围环境密切相关。,根据中医的说法，人体的各个部位与周围环境密切相关。,0,,
A recent play takes the lingering fragrance of good food as its central plot as it highlights the feats of women and the differences.,A recent play takes the lingering fragrance of good food as its central plot as it highlights the oppression of women and the differences.,最近的一部剧以美食挥之不去的香味为中心情节，突出了女性的壮举和差异。,最近的一部剧以美食挥之不去的香味为中心情节，突出了对女性的压迫和差异。,0,,
"A draft report concluded in the summer that Home Secretary Priti Patel had broken rules on ministers' behaviour, sources familiar with the contents say.","A draft report concluded in the summer that Home Secretary jon Patel had broken rules on ministers' behaviour, sources familiar with the contents say.",知情人士称，今年夏天的一份报告草案得出结论，内政大臣普里蒂·帕特尔违反了部长们的行为规定。,知情人士称，今年夏天的一份报告草案得出结论，内政大臣乔恩·帕特尔违反了部长们的行为规定。,0,,
"What the movie world will look like in 2021, and the extent to which theaters can mount a comeback, remains to be seen.","What the movie world will look like in 2021, and the extent to which theaters can mount a video, remains to be seen.",2021年的电影世界会是什么样子，影院能在多大程度上卷土重来，还有待观察。,2021年的电影世界会是什么样子，影院在多大程度上可以播放视频，还有待观察。,0,,
We need to cater for the market that has different lifestyles and individual experiences for our Chinese guests.,We need to cater for the market that has different varieties and individual experiences for our Chinese guests.,我们需要迎合为中国客人提供不同生活方式和个人体验的市场。,我们需要迎合为中国客人提供不同品种和个性化体验的市场。,0,,
"Using a cat teaser to simulate bird or tiny animal can let the cat enjoy the happiness of hunting, and sufficient and high quality exercise can reduce the behavior of biting people or destroying furniture.","Using a cat teaser to simulate bird or tiny animal can let the practitioner enjoy the happiness of hunting, and sufficient and high quality exercise can reduce the behavior of biting people or destroying furniture.",用猫咪的戏片来模拟鸟或小动物，可以让猫咪享受狩猎的快乐，充分高质量的运动可以减少咬人或破坏家具的行为。,用猫咪戏片模拟鸟类或小动物，可以让练习者享受狩猎的快乐，充分高质量的运动可以减少咬人或破坏家具的行为。,0,,
"Until and unless mass vaccination can happen, society needs to use the other weapons at its disposal to control the virus and stop the spread.","Until and unless mass conversion can happen, society needs to use the other weapons at its disposal to control the virus and stop the spread.",除非大规模疫苗接种能够发生，否则社会需要使用其掌握的其他武器来控制病毒并阻止传播。,除非发生大规模皈依，否则社会需要使用其掌握的其他武器来控制病毒并阻止传播。,0,,
Unbeaten Chinese heavyweight Zhang Zhilei produced a Hollywood finish for his first fight in nearly a year on Saturday night.,Unbeaten Chinese heavyweight Zhang boxer produced a Hollywood finish for his first fight in nearly a year on Saturday night.,周六晚上，不败的中国重量级选手张志磊在近一年来的第一场比赛中取得了好莱坞的成绩。,周六晚上，不败的中国重量级选手张拳击手在近一年来的第一场比赛中完成了好莱坞的比赛。,1,成绩,比赛
Tourism players are counting on the holiday to make up for the loss caused by the pandemic and have developed favorable policies to boost consumption.,Tourism players are counting on the holiday to make up for the loss caused by the tournament and have developed favorable policies to boost consumption.,旅游企业指望假期来弥补疫情造成的损失，并制定了利好政策来提振消费。,旅游玩家指望假期来弥补比赛造成的损失，并制定了利好政策来促进消费。,0,,
"Throughout the group and knockout stages, teams stayed in designated hotels where frequent medical testing was conducted.","Throughout the group and knockout stages, skaters stayed in designated hotels where frequent medical testing was conducted.",在整个小组赛和淘汰赛阶段，团队入住了经常进行医学检测的指定酒店。,在整个小组赛和淘汰赛阶段，滑冰运动员住在指定酒店，那里经常进行医学检查。,0,,
"This way, Chinese pig farmers have seen some recovery, allowing them to boost supply and ease prices, analysts at Rabobank wrote in a recent research report.","This way, Chinese pig farmers have seen some recovery, allowing them to boost supply and ease prices, analysts at pace wrote in a recent research report.",这样，中国养猪户已经看到了一些复苏，使他们能够增加供应并降低价格，荷兰合作银行的分析师在最近的一份研究报告中写道。,通过这种方式，中国养猪户已经看到了一些复苏，使他们能够增加供应并降低价格，Pace的分析师在最近的一份研究报告中写道。,0,,
They were responsible for organising migrations to the east and were said to have worn colourful garments and played an instrument to attract the attention of possible settlers.,They were responsible for organising challenges to the east and were said to have worn colourful garments and played an instrument to attract the attention of possible settlers.,他们负责组织向东部的迁移，据说他们穿着五颜六色的衣服，演奏乐器以吸引可能的定居者的注意。,他们负责组织向东的挑战，据说他们穿着五颜六色的衣服，演奏乐器来吸引可能的定居者的注意。,0,,
The university was chosen to house the centre because it has a library for research into the disease.,The university was chosen to house the centre because it has a library for research into the universities.,该大学被选为该中心的所在地，因为它有一个用于研究该疾病的图书馆。,该大学被选为该中心的所在地，因为它有一个图书馆，用于研究大学。,0,,
"The report said modernization of port infrastructure assets is a fundamental component of Africa' s economy, too, industrialization and economic growth.","The report said modernization of port infrastructure assets is a fundamental component of Africa' s economy, too, africa and economic growth.",该报告称，港口基础设施资产的现代化也是非洲经济、工业化和经济增长的基本组成部分。,报告称，港口基础设施资产的现代化是非洲经济、非洲和经济增长的基本组成部分。,0,,
"The region boasts abundant tourism resources and attractive beaches, along with a dynamic economy, impressive growth, and a strong demand for business travel.","The region boasts abundant tourism resources and arabian beaches, along with a dynamic economy, impressive growth, and a strong demand for business travel.",该地区拥有丰富的旅游资源和迷人的海滩，以及充满活力的经济、令人印象深刻的增长和对商务旅行的强劲需求。,该地区拥有丰富的旅游资源和阿拉伯海滩，以及充满活力的经济、令人印象深刻的增长和对商务旅行的强劲需求。,0,,
"The princess of Pop has become well known for her dance tunes, and her 15th studio album drops on Friday.","The roots of Pop has become well known for her dance tunes, and her 15th studio album drops on Friday.",这位流行音乐公主以她的舞曲而闻名，她的第 15 张录音室专辑将于周五发行。,流行音乐的根源以她的舞曲而闻名，她的第 15 张录音室专辑将于周五发布。,0,,
The lockdown accelerated things because I was doing a lot more streaming online and getting more into it.,The everything accelerated things because I was doing a lot more streaming online and getting more into it.,封锁加速了事情的发展，因为我在网上做了更多的流媒体，并且投入了更多。,一切都加速了事情，因为我在网上做了更多的流媒体并更多地参与其中。,0,,
"The government said it has struck a balance between protecting jobs, the economy and saving money.","The government said it has struck a balance between protecting jobs, the air and saving money.",政府表示，它在保护就业，经济和省钱之间取得了平衡。,政府表示，它在保护就业，空气和节省资金之间取得了平衡。,0,,
The government is said to be planning legislation which will ban the movement of staff between homes.,The government is said to be planning legislation which will ban the movement of figures between homes.,据说政府正在计划立法，禁止工作人员在家庭之间流动。,据说政府正在计划立法，禁止人物在家庭之间移动。,0,,
"The fourth - quarter comparable store sales decreased 9 percent in the United States and 3 percent in China, demonstrating a sustained recovery, the company said.","The fourth - quarter comparable store shares decreased 9 percent in the United States and 3 percent in China, demonstrating a sustained recovery, the company said.",该公司表示，第四季度可比商店销售额在美国下降了9%，在中国下降了3%，显示出持续的复苏。,该公司表示，第四季度可比商店份额在美国下降了9%，在中国下降了3%，显示出持续的复苏。,0,,
The bank said it was losing money on a large number of such accounts.,The bank said it was gathering money on a large number of such accounts.,该银行表示，它在大量此类账户上亏损。,该银行表示，它正在为大量此类账户筹集资金。,0,,
"The Changchun ice and snow new world park is scheduled to open on dec 12, and more than 100 pieces of snow artwork will be on display.","The home ice and snow new world park is scheduled to open on dec 12, and more than 100 pieces of snow artwork will be on display.",长春冰雪新世界公园计划于12月12日开放，将展出100多件雪艺术品。,家乡冰雪新世界公园计划于12月12日开放，将展出100多件雪艺术品。,0,,
"Steven Kennedy, the treasury secretary, used a recent speech to pressure the government to lower the threshold for fiscal stimulus.","Steven Kennedy, the treasury secretary, used a thursday speech to pressure the government to lower the threshold for fiscal stimulus.",财政部长史蒂文·肯尼迪利用最近的一次演讲向政府施压，要求降低财政刺激的门槛。,财政部长史蒂文·肯尼迪在周四的讲话中向政府施压，要求降低财政刺激的门槛。,0,,
"Players, coaches and referees are offered green credentials, while yellow and blue credentials are provided to reporters and staff in the arena respectively.","Players, coaches and referees are offered green credentials, while yellow and blue credentials are provided to reporters and staff in the camps respectively.",球员、教练和裁判将获得绿色证书，而黄色和蓝色证书分别提供给竞技场的记者和工作人员。,球员，教练和裁判将获得绿色证书，而黄色和蓝色证书分别提供给营地的记者和工作人员。,0,,
People in the green area cannot conduct any close contact with those having credentials in other colors.,People in the black area cannot conduct any close contact with those having credentials in other colors.,绿色区域的人不能与拥有其他颜色证书的人进行任何密切接触。,黑色区域的人不能与拥有其他颜色证书的人进行任何密切接触。,0,,
"Over the period, the account picked up followers including what appeared to be older men.","Over the period, the account wakes up followers including what appeared to be older men.",在此期间，该帐户吸引了追随者，其中包括似乎是年长的男性。,在此期间，该帐户唤醒了追随者，包括似乎是年长的男性。,0,,
More areas are set to be placed into the higher tiers in England after this.,More areas are set to be placed into the higher body in England after this.,在此之后，英格兰的更多地区将被置于更高级别的地区。,在此之后，英格兰将有更多的区域被放置在更高的身体中。,0,,
Listen to the lyrics of David Duchovny' s the song and you may think he had a crystal ball.,Listen to the lyrics of David talbot' s the song and you may think he had a crystal ball.,听听大卫·杜楚尼的歌词，你可能会认为他有一个水晶球。,听听大卫·塔尔博特的歌词，你可能会认为他有一个水晶球。,0,,
"Leaders in multiple states, including Nevada, Vermont and Illinois, have moved to ban antigen tests in nursing homes or limit their use.","Leaders in multiple dioceses, including Nevada, Vermont and Illinois, have moved to ban antigen tests in nursing homes or limit their use.",包括内华达州，佛蒙特州和伊利诺伊州在内的多个州的领导人已采取行动，禁止在养老院进行抗原测试或限制其使用。,包括内华达州，佛蒙特州和伊利诺伊州在内的多个教区的领导人已采取行动，禁止在养老院进行抗原测试或限制其使用。,0,,
"Last week nearly 4 million visitors flowed into the province, according to the provincial culture and tourism department.","Last week nearly 4 million waters flowed into the province, according to the provincial culture and tourism department.",根据省文化和旅游厅的数据，上周有近400万游客流入该省。,据省文化和旅游厅称，上周有近400万水流入该省。,1,数据,
Keeping employees engaged and happy while they are working remotely has become a challenge for companies.,Keeping employees engaged and happy while they are working remotely has become a term for companies.,让员工在远程工作时保持敬业度和快乐已成为公司面临的挑战。,让员工在远程工作时保持敬业和快乐已成为公司的术语。,0,,
It will not be released for use until it passes final safety testing and gets the go - ahead from the Medicines and Healthcare products Regulatory Agency.,It will not be released for use until it passes final safety testing and gets the go - ahead from the travel and Healthcare products Regulatory Agency.,在通过最终安全测试并获得药品和保健产品监管局的批准之前，它不会被释放使用。,在通过最终安全测试并获得旅行和医疗保健产品监管局的批准之前，它不会被释放使用。,0,,
"It allows local authorities to ask drivers to move their vehicles to car parks near disused shops, bars and restaurants while repairs take place.","It forced local authorities to ask drivers to move their vehicles to car parks near disused shops, bars and restaurants while repairs take place.",它允许地方当局要求司机在维修时将车辆移至废弃商店，酒吧和餐馆附近的停车场。,它迫使地方当局要求司机在维修时将车辆移至废弃商店，酒吧和餐馆附近的停车场。,0,,
"In case of detecting suspect COVID patients, we are going to activate all the protection procedures for our staff and transport the mentally ill persons to hospital.","In case of detecting suspect criminals patients, we are going to activate all the protection procedures for our staff and transport the mentally ill persons to hospital.",如果发现疑似COVID患者，我们将为我们的员工启动所有保护程序，并将精神病患者送往医院。,如果发现可疑罪犯患者，我们将启动我们员工的所有保护程序，并将精神病患者送往医院。,0,,
"Imagine going to a hospital so large, doctors and nurses with children are allowed to keep working.","Imagine sent to a hospital so large, doctors and nurses with children are allowed to keep working.",想象一下，去一家这么大的医院，医生和护士带着孩子被允许继续工作。,想象一下，被送到一家如此大的医院，医生和护士带着孩子被允许继续工作。,0,,
"I know his season wasn' t the easiest one, whereas I have to say my season has actually been going quite well.","I know his season wasn' t the easiest one, whereas I have to check my season has actually been going quite well.",我知道他的赛季不是最容易的，而我不得不说我的赛季实际上进展得相当顺利。,我知道他的赛季不是最容易的赛季，而我必须检查我的赛季是否进行得相当顺利。,1,实际上,
"However, rising unemployment and the ongoing challenges faced by small businesses mean the outlook for the sector is testing.","However, rising unemployment and the ongoing challenges faced by small businesses mean the framework for the sector is testing.",然而，不断上升的失业率和小企业面临的持续挑战意味着该行业的前景正在受到考验。,然而，不断上升的失业率和小企业面临的持续挑战意味着该行业的框架正在受到考验。,0,,
"Hotels treating their few customers like royalty, not art galleries where solo guests stand nose - to - nose with renaissance art.","Hotels kill their few customers like royalty, not art galleries where solo guests stand nose - to - nose with renaissance art.",酒店像皇室一样对待他们的少数客户，而不是艺术画廊，在那里，独行客人与文艺复兴时期的艺术站在一起。,酒店杀死了像皇室一样的少数顾客，而不是艺术画廊，在那里，独行客人与文艺复兴时期的艺术站在一起。,0,,
He said he hopes that the native fruits in the Thai South will help boost both local farming and tourism incomes.,He said he hopes that the native fruits in the Thai bible will help boost both local farming and tourism incomes.,他说，他希望泰国南部的本地水果将有助于提高当地的农业和旅游业收入。,他说，他希望泰国圣经中的本地水果将有助于提高当地的农业和旅游业收入。,0,,
He is getting used to the new lifestyle of spending more time with his family and dogs as well as working every day.,He is getting used to the conservative lifestyle of spending more time with his family and dogs as well as working every day.,他已经习惯了每天花更多时间与家人和狗在一起以及工作的新生活方式。,他已经习惯了保守的生活方式，花更多的时间陪伴家人和狗，以及每天工作。,0,,
Foreign publishing houses are also preparing themselves to meet the new demand in cooperation with local Chinese companies.,Foreign publishing houses are also preparing themselves to meet the new discoveries in cooperation with local Chinese companies.,外国出版社也在准备与中国本土公司合作，以满足新的需求。,外国出版社也在准备与中国本土公司合作迎接新发现。,1,满足,迎接
"Fame is more easily achievable in a multimedia context but then again, so is criticism.","Fame is more easily applicable in a multimedia context but then again, so is criticism.",在多媒体环境中更容易成名，但话又说回来，批评也是如此。,名声更容易应用于多媒体环境，但话又说回来，批评也是如此。,0,,
"But he added he does not blame Hathaway for this situation, and feels that more awareness and education is needed.","But he added he does not blame turkey for this situation, and feels that more awareness and education is needed.",但他补充说，他不会因为这种情况而责怪海瑟薇，并认为需要更多的意识和教育。,但他补充说，他不会将这种情况归咎于土耳其，并认为需要更多的意识和教育。,0,,
"But Albon is not giving them that opportunity at the moment, and his place in the team hangs by a thread.","But blake is not giving them that opportunity at the moment, and his place in the team hangs by a thread.",但阿尔本目前没有给他们这个机会，他在球队中的位置岌岌可危。,但布莱克目前没有给他们这个机会，他在球队中的位置岌岌可危。,0,,
Both players will return to their clubs for further assessment before the Premier League resumes this weekend.,Both players will return to their clubs for further assessment before the Premier League decide this weekend.,两名球员都将在本周末英超联赛恢复之前返回自己的俱乐部进行进一步评估。,两名球员都将在本周末英超联赛做出决定之前返回自己的俱乐部进行进一步评估。,0,,
"At least 22 people, mostly children, were killed and another 27 wounded when three gunmen stormed the university on Monday.","At least 22 people, mostly children, were selected and another 27 wounded when three gunmen stormed the university on Monday.",周一，三名枪手冲进大学时，至少有22人丧生，其中大多数是儿童，另有27人受伤。,周一，当三名枪手冲进大学时，至少有22人被选中，其中大多数是儿童，另有27人受伤。,0,,
"As with any economic forecast, there are factors which could speed up or slow down the process, the economist said.","As with any economic forecast, there are factors which could speed up or slow down the song, the economist said.",这位经济学家表示，与任何经济预测一样，有一些因素可能会加速或减缓这一进程。,这位经济学家说，与任何经济预测一样，有一些因素可能会加速或减缓这首歌。,0,,
"As more and more people look to complete everyday errands from home, pharmacy is an important addition to the Amazon online store.","As more and more people look to complete everyday music from home, pharmacy is an important addition to the Amazon online store.",随着越来越多的人希望在家中完成日常差事，药房是亚马逊在线商店的重要补充。,随着越来越多的人希望在家中完成日常音乐，药房是亚马逊在线商店的重要补充。,0,,
"Around the corner, once - crowded sights lay dormant, with hotels empty and not a tourist in sight.","Around the corner, once - crowded sights lay dormant, with lands empty and not a tourist in sight.",在拐角处，曾经 - 拥挤的景点处于休眠状态，酒店空无一人，看不到游客。,在拐角处，曾经 - 拥挤的景点处于休眠状态，土地空无一人，看不到游客。,0,,
"Analysts said such moves are a reflection of a dual - circulation development strategy, and to reflect the nation' s emphasis on high - quality development.","Analysts said such moves are a reflection of a dual - circulation development strategy, and to reflect the project' s emphasis on high - quality development.",分析人士表示，此举体现了双循环发展战略，体现了国家对高质量发展的重视。,分析人士表示，此举体现了双循环发展战略，体现了项目对高质量发展的重视。,0,,
An inquiry is being launched into the compensation scheme set up for victims of the Windrush disaster.,An inquiry is being launched into the compensation scheme set up for victims of the china disaster.,正在对为Windrush灾难受害者制定的赔偿计划进行调查。,正在对中国灾难受害者设立的赔偿计划进行调查。,0,,
"According to the education ministry, secondary and primary schools are expected to reopen in November.","According to the education ministry, secondary and primary schools are expected to construct in November.",据教育部称，中小学预计将于11月重新开放。,据教育部称，中小学预计将于11月建成。,0,,
Zhang says he expects the fair to make Yichang and its citrus fruits more known to its customers.,Zhang says he expects the fair to make weed and its citrus fruits more known to its customers.,张说，他希望展会能让客户更多地了解宜昌及其柑橘类水果。,张说，他希望展会能让顾客更多地了解杂草及其柑橘类水果。,0,,
Your wedding is one of the most important days.,Your wedding is one of the most important forms.,您的婚礼是最重要的日子之一。,您的婚礼是最重要的形式之一。,0,,
They try to be optimistic about the prospect of rolling out such an unprecedented immunization plan.,They try to be optimistic about the prospect of rolling out such an unprecedented layout plan.,他们试图对推出这样一项前所未有的免疫计划的前景持乐观态度。,他们试图对推出这样一个前所未有的布局计划的前景持乐观态度。,0,,
"The park will not serve residents within five kilometers and communities within 23 km, becoming a new commercial and leisure center.","The park will not serve residents within five kilometers and communities within 23 villages, becoming a new commercial and leisure center.",公园将不再为5公里以内的居民和23公里内的社区提供服务，成为一个新的商业休闲中心。,该公园将不再为5公里以内的居民和23个村庄内的社区提供服务，成为一个新的商业和休闲中心。,0,,
The next - generation technologies will be digitally interconnected and help create a smart and innovative ecosystem for open space.,The next - generation technologies will be digitally preserved and help create a smart and innovative ecosystem for open space.,下一代技术将以数字方式互联，并有助于为开放空间创建一个智能和创新的生态系统。,下一代技术将以数字方式保存，并有助于为开放空间创建一个智能和创新的生态系统。,0,,
"The move was intended to maintain reasonably ample liquidity in the banking system, the world bank said.","The move was intended to maintain reasonably ample staff in the banking system, the world bank said.",世界银行表示，此举旨在保持银行体系中合理充足的流动性。,世界银行表示，此举旨在保持银行系统中合理充足的员工。,0,,
"The hike is to increase staff numbers, and stronger security screenings, and upgrade IT equipment and software, according to the European Commission.","The hike is to increase staff numbers, and stronger community screenings, and upgrade IT equipment and software, according to the European Commission.",据欧盟委员会称，此次加息是为了增加员工人数，加强安全检查，并升级IT设备和软件。,据欧盟委员会称，此次加息是为了增加员工人数，加强社区筛查，并升级IT设备和软件。,0,,
"The center, expected to start operation in 2021, will include a laboratory where electric drive technologies can be tested and validated.","The center, expected to start operation in 2021, will include a laboratory where electric drive technologies can be tested and lost.",该中心预计将于2021年开始运营，将包括一个实验室，可以测试和验证电力驱动技术。,该中心预计将于2021年开始运营，将包括一个实验室，可以测试和丢失电力驱动技术。,0,,
The award was established three years ago and aims to uncover excellent Chinese writers under 45 years old.,The award was established three years ago and aims to uncover excellent investigative writers under 45 years old.,该奖项成立于三年前，旨在发掘45岁以下的优秀中国作家。,该奖项成立于三年前，旨在发掘45岁以下的优秀调查作家。,0,,
"The adjustment could help improve the transparency and effectiveness of the yuan' s existing pricing model, the CFETS said.","The adjustment could help improve the transparency and effectiveness of the yuan' s existing pricing model, the spokesman said.",CFETS表示，这一调整可能有助于提高人民币现有定价模式的透明度和有效性。,发言人表示，这一调整可能有助于提高人民币现有定价模式的透明度和有效性。,0,,
The Word Health Organization warns wealthier nations against buying up stocks of vaccines.,The Word Health Organization warns tribal nations against buying up stocks of vaccines.,世界卫生组织警告较富裕的国家不要购买疫苗库存。,世界卫生组织警告部落国家不要购买疫苗库存。,0,,
"That means sticking with the social distancing and the masks, and testing it who may have the virus and asking them to isolate.","That means sticking with the social institutions and the masks, and testing it who may have the virus and asking them to isolate.",这意味着坚持保持社交距离和戴口罩，并对可能感染病毒的人进行检测并要求他们隔离。,这意味着坚持使用社会机构和口罩，并对可能感染病毒的人进行测试并要求他们隔离。,0,,
"Tens of thousands of these products could have been sold via online marketplaces, it seems.","Tens of thousands of these products could have been sold via online website, it seems.",似乎有数以万计的此类产品可以通过在线市场销售。,似乎可以通过在线网站销售数以万计的此类产品。,0,,
Sun says cat owners should create some quiet corner or cat climber to give their cats a choice when they want to be alone and try not to disturb them.,Sun says cat owners should create some quiet corner or cat magazine to give their cats a choice when they want to be alone and try not to disturb them.,孙说，猫主人应该创造一个安静的角落或爬猫者，让他们的猫在想独处时有一个选择，尽量不要打扰它们。,孙说，猫主人应该创造一个安静的角落或猫杂志，让他们的猫在想独处时有一个选择，尽量不要打扰它们。,0,,
Saudi Arabia has rejected criticism after it was confirmed it would host its first Formula 1 race in 2021.,Saudi Arabia has rejected criticism after it was confirmed it would host its first seat 1 race in 2021.,沙特阿拉伯在确认将在2021年举办第一场F1比赛后拒绝了批评。,沙特阿拉伯在确认将在 2021 年举办第一场席位 1 比赛后拒绝批评。,0,,
Rory McIlroy and his father Harry Diamond used to have a bet with each other during practice rounds.,Rory jackson and his father Harry Diamond used to have a bet with each other during practice rounds.,罗里·麦克罗伊和他的父亲哈里·戴蒙德曾经在练习赛中互相打赌。,罗里·杰克逊和他的父亲哈里·戴蒙德曾经在练习赛中互相打赌。,0,,
Nintendo has dreamed up a better way for Mario Kart fans to race each other.,Nintendo has dreamed up a better way for Mario bros fans to race each other.,任天堂已经为马里奥赛车迷们想出了一种更好的方式来相互比赛。,任天堂为马里奥兄弟的粉丝们想出了一种更好的比赛方式。,1,相互,
Many care providers see testing as the single most important tool they have in managing the virus.,Many program providers see testing as the single most important tool they have in managing the virus.,许多护理提供者将检测视为他们管理病毒的最重要工具。,许多程序提供商将测试视为他们管理病毒的最重要工具。,0,,
"It ’ s one of the key ingredients in Chinese málà cooking, and its effects are said to be both physiological and mental.","It ’ s one of the key ingredients in Chinese restaurant cooking, and its effects are said to be both physiological and mental.",它是中国马拉烹饪的关键成分之一，据说它的作用既是生理上的，也是精神上的。,它是中餐馆烹饪的关键成分之一，据说它的效果既是生理上的，也是精神上的。,0,,
It also promotes cultural and economic exchange and enhances mutual understanding between China and the world.,It also promotes cultural and economic exchange and examines mutual understanding between China and the world.,它还促进了文化和经济交流，增进了中国与世界之间的相互了解。,它还促进文化和经济交流，并考察中国与世界之间的相互理解。,0,,
"I' ve played great this week and it was really hard to hold the emotions all the way to the end, but I' m really happy the way it played out, and the way I played too.","I' ve played great this week and it was really hard to hold the balls all the way to the end, but I' m really happy the way it played out, and the way I played too.",这周我打得很好，很难一直保持情绪到最后，但我真的很高兴它的表现，以及我踢球的方式。,这周我打得很好，很难一直把球控到最后，但我真的很高兴它的表现，我也踢球的方式。,0,,
"Hotels should be flexible to meet the needs of clients and at every opportunity, he said.","Hotels should be flexible to meet the needs of clients and at every opportunity, he whispered.",他说，酒店应该灵活地满足客户的需求，并抓住每一个机会。,他低声说，酒店应该灵活地满足客户的需求，并抓住每一个机会。,0,,
Her employer has done a risk assessment to make Merlande as safe as possible in the workplace.,Her employer has done a risk assessment to make air as safe as possible in the workplace.,她的雇主已经进行了风险评估，以使梅兰德在工作场所尽可能安全。,她的雇主已经进行了风险评估，以使工作场所的空气尽可能安全。,0,,
He was expected to miss two months but returned two weeks early and has played in the last three Scarlets matches.,He was expected to miss two months but returned two weeks early and has played in the last three varsity matches.,他预计会缺席两个月，但提前两周回来，并参加了过去三场猩红比赛。,他预计会缺席两个月，但提前两周回来，并参加了最后三场校队比赛。,0,,
Ensuring responsibility does not lie entirely with the third - party seller using the sites.,Ensuring responsibility does not lie entirely with the third - party seller using the farm.,确保责任不完全在于使用网站的第三方卖家。,确保责任并不完全在于使用农场的第三方卖家。,0,,
"Consumers have been more cautious than expected, they said, while low business investment will dampen growth.","Consumers have been more cautious than expected, they said, while low business investment will start growth.",他们表示，消费者比预期的更加谨慎，而低商业投资将抑制增长。,他们表示，消费者比预期的更加谨慎，而低商业投资将开始增长。,0,,
China Literature Corporate released a White Book of 2020 Chinese Online Literature Going Global during the First Shanghai International Online Literature Week.,China Literature Corporate released a White Book of 2020 Chinese comics Literature Going Global during the First Shanghai International Online Literature Week.,阅文集团在首届上海国际网络文学周期间发布《2020中国网络文学走出去》白皮书。,阅文集团在首届上海国际网络文学周期间发布了《2020中国漫画文学走出去》白皮书。,0,,
"A new cross - border e - commerce marketing model, which uses internet, has taken off in Putian.","A new cross - border e - commerce marketing model, which uses internet, has taken off in october.",一种新的利用互联网的跨境电商营销模式在莆田兴起。,一种新的跨境电子商务营销模式，使用互联网，已经于10月起飞。,0,,
Three - time Grand Slam tennis winner Andy Murray Formula 1 champion Lewis Hamilton deserves to join him as a British sporting knight.,Three - time Grand Slam tennis winner Andy Murray Formula 1 champion Lewis Hamilton waiting to join him as a British sporting knight.,三届大满贯网球冠军安迪·穆雷 一级方程式冠军刘易斯·汉密尔顿理应加入他，成为英国体育骑士。,三届大满贯网球冠军安迪·穆雷一级方程式冠军刘易斯·汉密尔顿等待加入他，成为英国体育骑士。,0,,
"This could be linked to their physical health or drugs prescribed to treat disorders, the researchers speculated.","This could be linked to their physical health or drugs prescribed to treat disorders, the letter speculated.",研究人员推测，这可能与他们的身体健康或用于治疗疾病的药物有关。,信中推测，这可能与他们的身体健康或用于治疗疾病的药物有关。,0,,
They had relished the opportunity to enjoy themselves for an international audience and be able to say.,They had retained the opportunity to enjoy themselves for an international audience and be able to say.,他们很高兴有机会为国际观众享受自己并能够发表意见。,他们保留了在国际观众面前享受自己并能够发表意见的机会。,0,,
"The home appliances and the book, audio and video industries grabbed the second and third positions on the list.","The home towns and the book, audio and video industries grabbed the second and third positions on the list.",家电和图书、音视频行业分列榜单第二、第三位。,家乡和图书、音视频行业分别位列榜单第二、第三。,0,,
"The government has moved to cut taxes, support wages and offer jobs to spend in an effort to keep the economy going.","The government has moved to cut taxes, support wages and offer jobs to spend in an effort to keep the game going.",政府已采取行动减税，支持工资并提供就业机会，以保持经济运转。,政府已经开始减税，支持工资并提供工作支出，以保持游戏的进行。,1,采取行动,
President Donald Trump participated in head - to - head town halls Thursday night.,President Donald Trump participated in head - to - head town halls Thursday times.,唐纳德·特朗普总统周四晚上参加了头到头市政厅。,唐纳德·特朗普总统周四参加了头到头市政厅。,0,,
Many state public health authorities and nursing homes have ongoing reservations about the rapid tests.,Many state public health authorities and nursing homes have ongoing reservations about the rapid response.,许多州公共卫生当局和疗养院对快速检测持保留态度。,许多州公共卫生当局和疗养院对快速反应持保留态度。,0,,
"He creates a fantasy world in which he utilizes vivid colors to express urban dwellers' happiness, confusions, illusions and psychological battles.","He creates a fantasy world in which he utilizes vivid colors to express urban dwellers' happiness, wings, illusions and psychological battles.",他创造了一个幻想世界，他用鲜艳的色彩来表达城市居民的幸福、困惑、幻想和心理斗争。,他创造了一个幻想世界，他用鲜艳的色彩来表达城市居民的幸福、翅膀、幻想和心理斗争。,0,,
Hamilton and Wolff had put off contract talks because they wanted to secure the drivers' and constructors' championships first.,Hamilton and Wolff had put off contract talks because they wanted to secure the drivers' and judges' championships first.,汉密尔顿和沃尔夫推迟了合同谈判，因为他们想先确保车手和车队的冠军。,汉密尔顿和沃尔夫推迟了合同谈判，因为他们想先确保车手和裁判的冠军。,0,,
English defender Anton Ferdinand has left Queens Park Rangers by mutual contest.,English defender Anton Ferdinand has got Queens Park Rangers by mutual contest.,英格兰后卫安东·费迪南德通过相互竞争离开了女王公园巡游者队。,英格兰后卫安东·费迪南德通过相互竞争获得了女王公园巡游者队。,0,,
A spokesman noted the app offered privacy features to help parents avoid such problems.,A youtube noted the app offered privacy features to help parents avoid such problems.,一位发言人指出，该应用程序提供了隐私功能，以帮助父母避免此类问题。,YouTube指出，该应用程序提供了隐私功能，以帮助父母避免此类问题。,0,,
"Many companies are conducting road shows, holding national and regional conferences, and organizing exhibition and incentive trips.","Many companies are conducting road work, holding national and regional conferences, and organizing exhibition and incentive trips.",许多公司正在举办路演，举办国家和地区会议，并组织展览和奖励旅游。,许多公司正在进行道路工程，举办国家和地区会议，并组织展览和奖励旅行。,0,,
